date_key,full_date,year,quarter,month,day_of_month,day_of_week,day_name,month_name,is_turnaround,is_summer_spec,is_winter_spec
20210101,2021-01-01,2021,1,1,1,5,Friday,January,0,0,1
20210102,2021-01-02,2021,1,1,2,6,Saturday,January,0,0,1
20210103,2021-01-03,2021,1,1,3,7,Sunday,January,0,0,1
20210104,2021-01-04,2021,1,1,4,1,Monday,January,0,0,1
20210105,2021-01-05,2021,1,1,5,2,Tuesday,January,0,0,1
20210106,2021-01-06,2021,1,1,6,3,Wednesday,January,0,0,1
20210107,2021-01-07,2021,1,1,7,4,Thursday,January,0,0,1
20210108,2021-01-08,2021,1,1,8,5,Friday,January,0,0,1
20210109,2021-01-09,2021,1,1,9,6,Saturday,January,0,0,1
20210110,2021-01-10,2021,1,1,10,7,Sunday,January,0,0,1
20210111,2021-01-11,2021,1,1,11,1,Monday,January,0,0,1
20210112,2021-01-12,2021,1,1,12,2,Tuesday,January,0,0,1
20210113,2021-01-13,2021,1,1,13,3,Wednesday,January,0,0,1
20210114,2021-01-14,2021,1,1,14,4,Thursday,January,0,0,1
20210115,2021-01-15,2021,1,1,15,5,Friday,January,0,0,1
20210116,2021-01-16,2021,1,1,16,6,Saturday,January,0,0,1
20210117,2021-01-17,2021,1,1,17,7,Sunday,January,0,0,1
20210118,2021-01-18,2021,1,1,18,1,Monday,January,0,0,1
20210119,2021-01-19,2021,1,1,19,2,Tuesday,January,0,0,1
20210120,2021-01-20,2021,1,1,20,3,Wednesday,January,0,0,1
20210121,2021-01-21,2021,1,1,21,4,Thursday,January,0,0,1
20210122,2021-01-22,2021,1,1,22,5,Friday,January,0,0,1
20210123,2021-01-23,2021,1,1,23,6,Saturday,January,0,0,1
20210124,2021-01-24,2021,1,1,24,7,Sunday,January,0,0,1
20210125,2021-01-25,2021,1,1,25,1,Monday,January,0,0,1
20210126,2021-01-26,2021,1,1,26,2,Tuesday,January,0,0,1
20210127,2021-01-27,2021,1,1,27,3,Wednesday,January,0,0,1
20210128,2021-01-28,2021,1,1,28,4,Thursday,January,0,0,1
20210129,2021-01-29,2021,1,1,29,5,Friday,January,0,0,1
20210130,2021-01-30,2021,1,1,30,6,Saturday,January,0,0,1
20210131,2021-01-31,2021,1,1,31,7,Sunday,January,0,0,1
20210201,2021-02-01,2021,1,2,1,1,Monday,February,0,0,1
20210202,2021-02-02,2021,1,2,2,2,Tuesday,February,0,0,1
20210203,2021-02-03,2021,1,2,3,3,Wednesday,February,0,0,1
20210204,2021-02-04,2021,1,2,4,4,Thursday,February,0,0,1
20210205,2021-02-05,2021,1,2,5,5,Friday,February,0,0,1
20210206,2021-02-06,2021,1,2,6,6,Saturday,February,0,0,1
20210207,2021-02-07,2021,1,2,7,7,Sunday,February,0,0,1
20210208,2021-02-08,2021,1,2,8,1,Monday,February,0,0,1
20210209,2021-02-09,2021,1,2,9,2,Tuesday,February,0,0,1
20210210,2021-02-10,2021,1,2,10,3,Wednesday,February,0,0,1
20210211,2021-02-11,2021,1,2,11,4,Thursday,February,0,0,1
20210212,2021-02-12,2021,1,2,12,5,Friday,February,0,0,1
20210213,2021-02-13,2021,1,2,13,6,Saturday,February,0,0,1
20210214,2021-02-14,2021,1,2,14,7,Sunday,February,0,0,1
20210215,2021-02-15,2021,1,2,15,1,Monday,February,0,0,1
20210216,2021-02-16,2021,1,2,16,2,Tuesday,February,0,0,1
20210217,2021-02-17,2021,1,2,17,3,Wednesday,February,0,0,1
20210218,2021-02-18,2021,1,2,18,4,Thursday,February,0,0,1
20210219,2021-02-19,2021,1,2,19,5,Friday,February,0,0,1
20210220,2021-02-20,2021,1,2,20,6,Saturday,February,0,0,1
20210221,2021-02-21,2021,1,2,21,7,Sunday,February,0,0,1
20210222,2021-02-22,2021,1,2,22,1,Monday,February,0,0,1
20210223,2021-02-23,2021,1,2,23,2,Tuesday,February,0,0,1
20210224,2021-02-24,2021,1,2,24,3,Wednesday,February,0,0,1
20210225,2021-02-25,2021,1,2,25,4,Thursday,February,0,0,1
20210226,2021-02-26,2021,1,2,26,5,Friday,February,0,0,1
20210227,2021-02-27,2021,1,2,27,6,Saturday,February,0,0,1
20210228,2021-02-28,2021,1,2,28,7,Sunday,February,0,0,1
20210301,2021-03-01,2021,1,3,1,1,Monday,March,0,0,1
20210302,2021-03-02,2021,1,3,2,2,Tuesday,March,0,0,1
20210303,2021-03-03,2021,1,3,3,3,Wednesday,March,0,0,1
20210304,2021-03-04,2021,1,3,4,4,Thursday,March,0,0,1
20210305,2021-03-05,2021,1,3,5,5,Friday,March,0,0,1
20210306,2021-03-06,2021,1,3,6,6,Saturday,March,0,0,1
20210307,2021-03-07,2021,1,3,7,7,Sunday,March,0,0,1
20210308,2021-03-08,2021,1,3,8,1,Monday,March,0,0,1
20210309,2021-03-09,2021,1,3,9,2,Tuesday,March,0,0,1
20210310,2021-03-10,2021,1,3,10,3,Wednesday,March,0,0,1
20210311,2021-03-11,2021,1,3,11,4,Thursday,March,0,0,1
20210312,2021-03-12,2021,1,3,12,5,Friday,March,0,0,1
20210313,2021-03-13,2021,1,3,13,6,Saturday,March,0,0,1
20210314,2021-03-14,2021,1,3,14,7,Sunday,March,0,0,1
20210315,2021-03-15,2021,1,3,15,1,Monday,March,1,0,1
20210316,2021-03-16,2021,1,3,16,2,Tuesday,March,1,0,1
20210317,2021-03-17,2021,1,3,17,3,Wednesday,March,1,0,1
20210318,2021-03-18,2021,1,3,18,4,Thursday,March,1,0,1
20210319,2021-03-19,2021,1,3,19,5,Friday,March,1,0,1
20210320,2021-03-20,2021,1,3,20,6,Saturday,March,1,0,1
20210321,2021-03-21,2021,1,3,21,7,Sunday,March,1,0,1
20210322,2021-03-22,2021,1,3,22,1,Monday,March,0,0,1
20210323,2021-03-23,2021,1,3,23,2,Tuesday,March,0,0,1
20210324,2021-03-24,2021,1,3,24,3,Wednesday,March,0,0,1
20210325,2021-03-25,2021,1,3,25,4,Thursday,March,0,0,1
20210326,2021-03-26,2021,1,3,26,5,Friday,March,0,0,1
20210327,2021-03-27,2021,1,3,27,6,Saturday,March,0,0,1
20210328,2021-03-28,2021,1,3,28,7,Sunday,March,0,0,1
20210329,2021-03-29,2021,1,3,29,1,Monday,March,0,0,1
20210330,2021-03-30,2021,1,3,30,2,Tuesday,March,0,0,1
20210331,2021-03-31,2021,1,3,31,3,Wednesday,March,0,0,1
20210401,2021-04-01,2021,2,4,1,4,Thursday,April,0,0,0
20210402,2021-04-02,2021,2,4,2,5,Friday,April,0,0,0
20210403,2021-04-03,2021,2,4,3,6,Saturday,April,0,0,0
20210404,2021-04-04,2021,2,4,4,7,Sunday,April,0,0,0
20210405,2021-04-05,2021,2,4,5,1,Monday,April,0,0,0
20210406,2021-04-06,2021,2,4,6,2,Tuesday,April,0,0,0
20210407,2021-04-07,2021,2,4,7,3,Wednesday,April,0,0,0
20210408,2021-04-08,2021,2,4,8,4,Thursday,April,0,0,0
20210409,2021-04-09,2021,2,4,9,5,Friday,April,0,0,0
20210410,2021-04-10,2021,2,4,10,6,Saturday,April,0,0,0
20210411,2021-04-11,2021,2,4,11,7,Sunday,April,0,0,0
20210412,2021-04-12,2021,2,4,12,1,Monday,April,0,0,0
20210413,2021-04-13,2021,2,4,13,2,Tuesday,April,0,0,0
20210414,2021-04-14,2021,2,4,14,3,Wednesday,April,0,0,0
20210415,2021-04-15,2021,2,4,15,4,Thursday,April,0,0,0
20210416,2021-04-16,2021,2,4,16,5,Friday,April,0,0,0
20210417,2021-04-17,2021,2,4,17,6,Saturday,April,0,0,0
20210418,2021-04-18,2021,2,4,18,7,Sunday,April,0,0,0
20210419,2021-04-19,2021,2,4,19,1,Monday,April,0,0,0
20210420,2021-04-20,2021,2,4,20,2,Tuesday,April,0,0,0
20210421,2021-04-21,2021,2,4,21,3,Wednesday,April,0,0,0
20210422,2021-04-22,2021,2,4,22,4,Thursday,April,0,0,0
20210423,2021-04-23,2021,2,4,23,5,Friday,April,0,0,0
20210424,2021-04-24,2021,2,4,24,6,Saturday,April,0,0,0
20210425,2021-04-25,2021,2,4,25,7,Sunday,April,0,0,0
20210426,2021-04-26,2021,2,4,26,1,Monday,April,0,0,0
20210427,2021-04-27,2021,2,4,27,2,Tuesday,April,0,0,0
20210428,2021-04-28,2021,2,4,28,3,Wednesday,April,0,0,0
20210429,2021-04-29,2021,2,4,29,4,Thursday,April,0,0,0
20210430,2021-04-30,2021,2,4,30,5,Friday,April,0,0,0
20210501,2021-05-01,2021,2,5,1,6,Saturday,May,0,1,0
20210502,2021-05-02,2021,2,5,2,7,Sunday,May,0,1,0
20210503,2021-05-03,2021,2,5,3,1,Monday,May,0,1,0
20210504,2021-05-04,2021,2,5,4,2,Tuesday,May,0,1,0
20210505,2021-05-05,2021,2,5,5,3,Wednesday,May,0,1,0
20210506,2021-05-06,2021,2,5,6,4,Thursday,May,0,1,0
20210507,2021-05-07,2021,2,5,7,5,Friday,May,0,1,0
20210508,2021-05-08,2021,2,5,8,6,Saturday,May,0,1,0
20210509,2021-05-09,2021,2,5,9,7,Sunday,May,0,1,0
20210510,2021-05-10,2021,2,5,10,1,Monday,May,0,1,0
20210511,2021-05-11,2021,2,5,11,2,Tuesday,May,0,1,0
20210512,2021-05-12,2021,2,5,12,3,Wednesday,May,0,1,0
20210513,2021-05-13,2021,2,5,13,4,Thursday,May,0,1,0
20210514,2021-05-14,2021,2,5,14,5,Friday,May,0,1,0
20210515,2021-05-15,2021,2,5,15,6,Saturday,May,0,1,0
20210516,2021-05-16,2021,2,5,16,7,Sunday,May,0,1,0
20210517,2021-05-17,2021,2,5,17,1,Monday,May,0,1,0
20210518,2021-05-18,2021,2,5,18,2,Tuesday,May,0,1,0
20210519,2021-05-19,2021,2,5,19,3,Wednesday,May,0,1,0
20210520,2021-05-20,2021,2,5,20,4,Thursday,May,0,1,0
20210521,2021-05-21,2021,2,5,21,5,Friday,May,0,1,0
20210522,2021-05-22,2021,2,5,22,6,Saturday,May,0,1,0
20210523,2021-05-23,2021,2,5,23,7,Sunday,May,0,1,0
20210524,2021-05-24,2021,2,5,24,1,Monday,May,0,1,0
20210525,2021-05-25,2021,2,5,25,2,Tuesday,May,0,1,0
20210526,2021-05-26,2021,2,5,26,3,Wednesday,May,0,1,0
20210527,2021-05-27,2021,2,5,27,4,Thursday,May,0,1,0
20210528,2021-05-28,2021,2,5,28,5,Friday,May,0,1,0
20210529,2021-05-29,2021,2,5,29,6,Saturday,May,0,1,0
20210530,2021-05-30,2021,2,5,30,7,Sunday,May,0,1,0
20210531,2021-05-31,2021,2,5,31,1,Monday,May,0,1,0
20210601,2021-06-01,2021,2,6,1,2,Tuesday,June,0,1,0
20210602,2021-06-02,2021,2,6,2,3,Wednesday,June,0,1,0
20210603,2021-06-03,2021,2,6,3,4,Thursday,June,0,1,0
20210604,2021-06-04,2021,2,6,4,5,Friday,June,0,1,0
20210605,2021-06-05,2021,2,6,5,6,Saturday,June,0,1,0
20210606,2021-06-06,2021,2,6,6,7,Sunday,June,0,1,0
20210607,2021-06-07,2021,2,6,7,1,Monday,June,0,1,0
20210608,2021-06-08,2021,2,6,8,2,Tuesday,June,0,1,0
20210609,2021-06-09,2021,2,6,9,3,Wednesday,June,0,1,0
20210610,2021-06-10,2021,2,6,10,4,Thursday,June,0,1,0
20210611,2021-06-11,2021,2,6,11,5,Friday,June,0,1,0
20210612,2021-06-12,2021,2,6,12,6,Saturday,June,0,1,0
20210613,2021-06-13,2021,2,6,13,7,Sunday,June,0,1,0
20210614,2021-06-14,2021,2,6,14,1,Monday,June,0,1,0
20210615,2021-06-15,2021,2,6,15,2,Tuesday,June,1,1,0
20210616,2021-06-16,2021,2,6,16,3,Wednesday,June,1,1,0
20210617,2021-06-17,2021,2,6,17,4,Thursday,June,1,1,0
20210618,2021-06-18,2021,2,6,18,5,Friday,June,1,1,0
20210619,2021-06-19,2021,2,6,19,6,Saturday,June,1,1,0
20210620,2021-06-20,2021,2,6,20,7,Sunday,June,1,1,0
20210621,2021-06-21,2021,2,6,21,1,Monday,June,1,1,0
20210622,2021-06-22,2021,2,6,22,2,Tuesday,June,0,1,0
20210623,2021-06-23,2021,2,6,23,3,Wednesday,June,0,1,0
20210624,2021-06-24,2021,2,6,24,4,Thursday,June,0,1,0
20210625,2021-06-25,2021,2,6,25,5,Friday,June,0,1,0
20210626,2021-06-26,2021,2,6,26,6,Saturday,June,0,1,0
20210627,2021-06-27,2021,2,6,27,7,Sunday,June,0,1,0
20210628,2021-06-28,2021,2,6,28,1,Monday,June,0,1,0
20210629,2021-06-29,2021,2,6,29,2,Tuesday,June,0,1,0
20210630,2021-06-30,2021,2,6,30,3,Wednesday,June,0,1,0
20210701,2021-07-01,2021,3,7,1,4,Thursday,July,0,1,0
20210702,2021-07-02,2021,3,7,2,5,Friday,July,0,1,0
20210703,2021-07-03,2021,3,7,3,6,Saturday,July,0,1,0
20210704,2021-07-04,2021,3,7,4,7,Sunday,July,0,1,0
20210705,2021-07-05,2021,3,7,5,1,Monday,July,0,1,0
20210706,2021-07-06,2021,3,7,6,2,Tuesday,July,0,1,0
20210707,2021-07-07,2021,3,7,7,3,Wednesday,July,0,1,0
20210708,2021-07-08,2021,3,7,8,4,Thursday,July,0,1,0
20210709,2021-07-09,2021,3,7,9,5,Friday,July,0,1,0
20210710,2021-07-10,2021,3,7,10,6,Saturday,July,0,1,0
20210711,2021-07-11,2021,3,7,11,7,Sunday,July,0,1,0
20210712,2021-07-12,2021,3,7,12,1,Monday,July,0,1,0
20210713,2021-07-13,2021,3,7,13,2,Tuesday,July,0,1,0
20210714,2021-07-14,2021,3,7,14,3,Wednesday,July,0,1,0
20210715,2021-07-15,2021,3,7,15,4,Thursday,July,0,1,0
20210716,2021-07-16,2021,3,7,16,5,Friday,July,0,1,0
20210717,2021-07-17,2021,3,7,17,6,Saturday,July,0,1,0
20210718,2021-07-18,2021,3,7,18,7,Sunday,July,0,1,0
20210719,2021-07-19,2021,3,7,19,1,Monday,July,0,1,0
20210720,2021-07-20,2021,3,7,20,2,Tuesday,July,0,1,0
20210721,2021-07-21,2021,3,7,21,3,Wednesday,July,0,1,0
20210722,2021-07-22,2021,3,7,22,4,Thursday,July,0,1,0
20210723,2021-07-23,2021,3,7,23,5,Friday,July,0,1,0
20210724,2021-07-24,2021,3,7,24,6,Saturday,July,0,1,0
20210725,2021-07-25,2021,3,7,25,7,Sunday,July,0,1,0
20210726,2021-07-26,2021,3,7,26,1,Monday,July,0,1,0
20210727,2021-07-27,2021,3,7,27,2,Tuesday,July,0,1,0
20210728,2021-07-28,2021,3,7,28,3,Wednesday,July,0,1,0
20210729,2021-07-29,2021,3,7,29,4,Thursday,July,0,1,0
20210730,2021-07-30,2021,3,7,30,5,Friday,July,0,1,0
20210731,2021-07-31,2021,3,7,31,6,Saturday,July,0,1,0
20210801,2021-08-01,2021,3,8,1,7,Sunday,August,0,1,0
20210802,2021-08-02,2021,3,8,2,1,Monday,August,0,1,0
20210803,2021-08-03,2021,3,8,3,2,Tuesday,August,0,1,0
20210804,2021-08-04,2021,3,8,4,3,Wednesday,August,0,1,0
20210805,2021-08-05,2021,3,8,5,4,Thursday,August,0,1,0
20210806,2021-08-06,2021,3,8,6,5,Friday,August,0,1,0
20210807,2021-08-07,2021,3,8,7,6,Saturday,August,0,1,0
20210808,2021-08-08,2021,3,8,8,7,Sunday,August,0,1,0
20210809,2021-08-09,2021,3,8,9,1,Monday,August,0,1,0
20210810,2021-08-10,2021,3,8,10,2,Tuesday,August,0,1,0
20210811,2021-08-11,2021,3,8,11,3,Wednesday,August,0,1,0
20210812,2021-08-12,2021,3,8,12,4,Thursday,August,0,1,0
20210813,2021-08-13,2021,3,8,13,5,Friday,August,0,1,0
20210814,2021-08-14,2021,3,8,14,6,Saturday,August,0,1,0
20210815,2021-08-15,2021,3,8,15,7,Sunday,August,0,1,0
20210816,2021-08-16,2021,3,8,16,1,Monday,August,0,1,0
20210817,2021-08-17,2021,3,8,17,2,Tuesday,August,0,1,0
20210818,2021-08-18,2021,3,8,18,3,Wednesday,August,0,1,0
20210819,2021-08-19,2021,3,8,19,4,Thursday,August,0,1,0
20210820,2021-08-20,2021,3,8,20,5,Friday,August,0,1,0
20210821,2021-08-21,2021,3,8,21,6,Saturday,August,0,1,0
20210822,2021-08-22,2021,3,8,22,7,Sunday,August,0,1,0
20210823,2021-08-23,2021,3,8,23,1,Monday,August,0,1,0
20210824,2021-08-24,2021,3,8,24,2,Tuesday,August,0,1,0
20210825,2021-08-25,2021,3,8,25,3,Wednesday,August,0,1,0
20210826,2021-08-26,2021,3,8,26,4,Thursday,August,0,1,0
20210827,2021-08-27,2021,3,8,27,5,Friday,August,0,1,0
20210828,2021-08-28,2021,3,8,28,6,Saturday,August,0,1,0
20210829,2021-08-29,2021,3,8,29,7,Sunday,August,0,1,0
20210830,2021-08-30,2021,3,8,30,1,Monday,August,0,1,0
20210831,2021-08-31,2021,3,8,31,2,Tuesday,August,0,1,0
20210901,2021-09-01,2021,3,9,1,3,Wednesday,September,0,1,0
20210902,2021-09-02,2021,3,9,2,4,Thursday,September,0,1,0
20210903,2021-09-03,2021,3,9,3,5,Friday,September,0,1,0
20210904,2021-09-04,2021,3,9,4,6,Saturday,September,0,1,0
20210905,2021-09-05,2021,3,9,5,7,Sunday,September,0,1,0
20210906,2021-09-06,2021,3,9,6,1,Monday,September,0,1,0
20210907,2021-09-07,2021,3,9,7,2,Tuesday,September,0,1,0
20210908,2021-09-08,2021,3,9,8,3,Wednesday,September,0,1,0
20210909,2021-09-09,2021,3,9,9,4,Thursday,September,0,1,0
20210910,2021-09-10,2021,3,9,10,5,Friday,September,0,1,0
20210911,2021-09-11,2021,3,9,11,6,Saturday,September,0,1,0
20210912,2021-09-12,2021,3,9,12,7,Sunday,September,0,1,0
20210913,2021-09-13,2021,3,9,13,1,Monday,September,0,1,0
20210914,2021-09-14,2021,3,9,14,2,Tuesday,September,0,1,0
20210915,2021-09-15,2021,3,9,15,3,Wednesday,September,1,1,0
20210916,2021-09-16,2021,3,9,16,4,Thursday,September,1,1,0
20210917,2021-09-17,2021,3,9,17,5,Friday,September,1,1,0
20210918,2021-09-18,2021,3,9,18,6,Saturday,September,1,1,0
20210919,2021-09-19,2021,3,9,19,7,Sunday,September,1,1,0
20210920,2021-09-20,2021,3,9,20,1,Monday,September,1,1,0
20210921,2021-09-21,2021,3,9,21,2,Tuesday,September,1,1,0
20210922,2021-09-22,2021,3,9,22,3,Wednesday,September,0,1,0
20210923,2021-09-23,2021,3,9,23,4,Thursday,September,0,1,0
20210924,2021-09-24,2021,3,9,24,5,Friday,September,0,1,0
20210925,2021-09-25,2021,3,9,25,6,Saturday,September,0,1,0
20210926,2021-09-26,2021,3,9,26,7,Sunday,September,0,1,0
20210927,2021-09-27,2021,3,9,27,1,Monday,September,0,1,0
20210928,2021-09-28,2021,3,9,28,2,Tuesday,September,0,1,0
20210929,2021-09-29,2021,3,9,29,3,Wednesday,September,0,1,0
20210930,2021-09-30,2021,3,9,30,4,Thursday,September,0,1,0
20211001,2021-10-01,2021,4,10,1,5,Friday,October,0,0,0
20211002,2021-10-02,2021,4,10,2,6,Saturday,October,0,0,0
20211003,2021-10-03,2021,4,10,3,7,Sunday,October,0,0,0
20211004,2021-10-04,2021,4,10,4,1,Monday,October,0,0,0
20211005,2021-10-05,2021,4,10,5,2,Tuesday,October,0,0,0
20211006,2021-10-06,2021,4,10,6,3,Wednesday,October,0,0,0
20211007,2021-10-07,2021,4,10,7,4,Thursday,October,0,0,0
20211008,2021-10-08,2021,4,10,8,5,Friday,October,0,0,0
20211009,2021-10-09,2021,4,10,9,6,Saturday,October,0,0,0
20211010,2021-10-10,2021,4,10,10,7,Sunday,October,0,0,0
20211011,2021-10-11,2021,4,10,11,1,Monday,October,0,0,0
20211012,2021-10-12,2021,4,10,12,2,Tuesday,October,0,0,0
20211013,2021-10-13,2021,4,10,13,3,Wednesday,October,0,0,0
20211014,2021-10-14,2021,4,10,14,4,Thursday,October,0,0,0
20211015,2021-10-15,2021,4,10,15,5,Friday,October,0,0,0
20211016,2021-10-16,2021,4,10,16,6,Saturday,October,0,0,0
20211017,2021-10-17,2021,4,10,17,7,Sunday,October,0,0,0
20211018,2021-10-18,2021,4,10,18,1,Monday,October,0,0,0
20211019,2021-10-19,2021,4,10,19,2,Tuesday,October,0,0,0
20211020,2021-10-20,2021,4,10,20,3,Wednesday,October,0,0,0
20211021,2021-10-21,2021,4,10,21,4,Thursday,October,0,0,0
20211022,2021-10-22,2021,4,10,22,5,Friday,October,0,0,0
20211023,2021-10-23,2021,4,10,23,6,Saturday,October,0,0,0
20211024,2021-10-24,2021,4,10,24,7,Sunday,October,0,0,0
20211025,2021-10-25,2021,4,10,25,1,Monday,October,0,0,0
20211026,2021-10-26,2021,4,10,26,2,Tuesday,October,0,0,0
20211027,2021-10-27,2021,4,10,27,3,Wednesday,October,0,0,0
20211028,2021-10-28,2021,4,10,28,4,Thursday,October,0,0,0
20211029,2021-10-29,2021,4,10,29,5,Friday,October,0,0,0
20211030,2021-10-30,2021,4,10,30,6,Saturday,October,0,0,0
20211031,2021-10-31,2021,4,10,31,7,Sunday,October,0,0,0
20211101,2021-11-01,2021,4,11,1,1,Monday,November,0,0,1
20211102,2021-11-02,2021,4,11,2,2,Tuesday,November,0,0,1
20211103,2021-11-03,2021,4,11,3,3,Wednesday,November,0,0,1
20211104,2021-11-04,2021,4,11,4,4,Thursday,November,0,0,1
20211105,2021-11-05,2021,4,11,5,5,Friday,November,0,0,1
20211106,2021-11-06,2021,4,11,6,6,Saturday,November,0,0,1
20211107,2021-11-07,2021,4,11,7,7,Sunday,November,0,0,1
20211108,2021-11-08,2021,4,11,8,1,Monday,November,0,0,1
20211109,2021-11-09,2021,4,11,9,2,Tuesday,November,0,0,1
20211110,2021-11-10,2021,4,11,10,3,Wednesday,November,0,0,1
20211111,2021-11-11,2021,4,11,11,4,Thursday,November,0,0,1
20211112,2021-11-12,2021,4,11,12,5,Friday,November,0,0,1
20211113,2021-11-13,2021,4,11,13,6,Saturday,November,0,0,1
20211114,2021-11-14,2021,4,11,14,7,Sunday,November,0,0,1
20211115,2021-11-15,2021,4,11,15,1,Monday,November,0,0,1
20211116,2021-11-16,2021,4,11,16,2,Tuesday,November,0,0,1
20211117,2021-11-17,2021,4,11,17,3,Wednesday,November,0,0,1
20211118,2021-11-18,2021,4,11,18,4,Thursday,November,0,0,1
20211119,2021-11-19,2021,4,11,19,5,Friday,November,0,0,1
20211120,2021-11-20,2021,4,11,20,6,Saturday,November,0,0,1
20211121,2021-11-21,2021,4,11,21,7,Sunday,November,0,0,1
20211122,2021-11-22,2021,4,11,22,1,Monday,November,0,0,1
20211123,2021-11-23,2021,4,11,23,2,Tuesday,November,0,0,1
20211124,2021-11-24,2021,4,11,24,3,Wednesday,November,0,0,1
20211125,2021-11-25,2021,4,11,25,4,Thursday,November,0,0,1
20211126,2021-11-26,2021,4,11,26,5,Friday,November,0,0,1
20211127,2021-11-27,2021,4,11,27,6,Saturday,November,0,0,1
20211128,2021-11-28,2021,4,11,28,7,Sunday,November,0,0,1
20211129,2021-11-29,2021,4,11,29,1,Monday,November,0,0,1
20211130,2021-11-30,2021,4,11,30,2,Tuesday,November,0,0,1
20211201,2021-12-01,2021,4,12,1,3,Wednesday,December,0,0,1
20211202,2021-12-02,2021,4,12,2,4,Thursday,December,0,0,1
20211203,2021-12-03,2021,4,12,3,5,Friday,December,0,0,1
20211204,2021-12-04,2021,4,12,4,6,Saturday,December,0,0,1
20211205,2021-12-05,2021,4,12,5,7,Sunday,December,0,0,1
20211206,2021-12-06,2021,4,12,6,1,Monday,December,0,0,1
20211207,2021-12-07,2021,4,12,7,2,Tuesday,December,0,0,1
20211208,2021-12-08,2021,4,12,8,3,Wednesday,December,0,0,1
20211209,2021-12-09,2021,4,12,9,4,Thursday,December,0,0,1
20211210,2021-12-10,2021,4,12,10,5,Friday,December,0,0,1
20211211,2021-12-11,2021,4,12,11,6,Saturday,December,0,0,1
20211212,2021-12-12,2021,4,12,12,7,Sunday,December,0,0,1
20211213,2021-12-13,2021,4,12,13,1,Monday,December,0,0,1
20211214,2021-12-14,2021,4,12,14,2,Tuesday,December,0,0,1
20211215,2021-12-15,2021,4,12,15,3,Wednesday,December,1,0,1
20211216,2021-12-16,2021,4,12,16,4,Thursday,December,1,0,1
20211217,2021-12-17,2021,4,12,17,5,Friday,December,1,0,1
20211218,2021-12-18,2021,4,12,18,6,Saturday,December,1,0,1
20211219,2021-12-19,2021,4,12,19,7,Sunday,December,1,0,1
20211220,2021-12-20,2021,4,12,20,1,Monday,December,1,0,1
20211221,2021-12-21,2021,4,12,21,2,Tuesday,December,1,0,1
20211222,2021-12-22,2021,4,12,22,3,Wednesday,December,0,0,1
20211223,2021-12-23,2021,4,12,23,4,Thursday,December,0,0,1
20211224,2021-12-24,2021,4,12,24,5,Friday,December,0,0,1
20211225,2021-12-25,2021,4,12,25,6,Saturday,December,0,0,1
20211226,2021-12-26,2021,4,12,26,7,Sunday,December,0,0,1
20211227,2021-12-27,2021,4,12,27,1,Monday,December,0,0,1
20211228,2021-12-28,2021,4,12,28,2,Tuesday,December,0,0,1
20211229,2021-12-29,2021,4,12,29,3,Wednesday,December,0,0,1
20211230,2021-12-30,2021,4,12,30,4,Thursday,December,0,0,1
20211231,2021-12-31,2021,4,12,31,5,Friday,December,0,0,1
20220101,2022-01-01,2022,1,1,1,6,Saturday,January,0,0,1
20220102,2022-01-02,2022,1,1,2,7,Sunday,January,0,0,1
20220103,2022-01-03,2022,1,1,3,1,Monday,January,0,0,1
20220104,2022-01-04,2022,1,1,4,2,Tuesday,January,0,0,1
20220105,2022-01-05,2022,1,1,5,3,Wednesday,January,0,0,1
20220106,2022-01-06,2022,1,1,6,4,Thursday,January,0,0,1
20220107,2022-01-07,2022,1,1,7,5,Friday,January,0,0,1
20220108,2022-01-08,2022,1,1,8,6,Saturday,January,0,0,1
20220109,2022-01-09,2022,1,1,9,7,Sunday,January,0,0,1
20220110,2022-01-10,2022,1,1,10,1,Monday,January,0,0,1
20220111,2022-01-11,2022,1,1,11,2,Tuesday,January,0,0,1
20220112,2022-01-12,2022,1,1,12,3,Wednesday,January,0,0,1
20220113,2022-01-13,2022,1,1,13,4,Thursday,January,0,0,1
20220114,2022-01-14,2022,1,1,14,5,Friday,January,0,0,1
20220115,2022-01-15,2022,1,1,15,6,Saturday,January,0,0,1
20220116,2022-01-16,2022,1,1,16,7,Sunday,January,0,0,1
20220117,2022-01-17,2022,1,1,17,1,Monday,January,0,0,1
20220118,2022-01-18,2022,1,1,18,2,Tuesday,January,0,0,1
20220119,2022-01-19,2022,1,1,19,3,Wednesday,January,0,0,1
20220120,2022-01-20,2022,1,1,20,4,Thursday,January,0,0,1
20220121,2022-01-21,2022,1,1,21,5,Friday,January,0,0,1
20220122,2022-01-22,2022,1,1,22,6,Saturday,January,0,0,1
20220123,2022-01-23,2022,1,1,23,7,Sunday,January,0,0,1
20220124,2022-01-24,2022,1,1,24,1,Monday,January,0,0,1
20220125,2022-01-25,2022,1,1,25,2,Tuesday,January,0,0,1
20220126,2022-01-26,2022,1,1,26,3,Wednesday,January,0,0,1
20220127,2022-01-27,2022,1,1,27,4,Thursday,January,0,0,1
20220128,2022-01-28,2022,1,1,28,5,Friday,January,0,0,1
20220129,2022-01-29,2022,1,1,29,6,Saturday,January,0,0,1
20220130,2022-01-30,2022,1,1,30,7,Sunday,January,0,0,1
20220131,2022-01-31,2022,1,1,31,1,Monday,January,0,0,1
20220201,2022-02-01,2022,1,2,1,2,Tuesday,February,0,0,1
20220202,2022-02-02,2022,1,2,2,3,Wednesday,February,0,0,1
20220203,2022-02-03,2022,1,2,3,4,Thursday,February,0,0,1
20220204,2022-02-04,2022,1,2,4,5,Friday,February,0,0,1
20220205,2022-02-05,2022,1,2,5,6,Saturday,February,0,0,1
20220206,2022-02-06,2022,1,2,6,7,Sunday,February,0,0,1
20220207,2022-02-07,2022,1,2,7,1,Monday,February,0,0,1
20220208,2022-02-08,2022,1,2,8,2,Tuesday,February,0,0,1
20220209,2022-02-09,2022,1,2,9,3,Wednesday,February,0,0,1
20220210,2022-02-10,2022,1,2,10,4,Thursday,February,0,0,1
20220211,2022-02-11,2022,1,2,11,5,Friday,February,0,0,1
20220212,2022-02-12,2022,1,2,12,6,Saturday,February,0,0,1
20220213,2022-02-13,2022,1,2,13,7,Sunday,February,0,0,1
20220214,2022-02-14,2022,1,2,14,1,Monday,February,0,0,1
20220215,2022-02-15,2022,1,2,15,2,Tuesday,February,0,0,1
20220216,2022-02-16,2022,1,2,16,3,Wednesday,February,0,0,1
20220217,2022-02-17,2022,1,2,17,4,Thursday,February,0,0,1
20220218,2022-02-18,2022,1,2,18,5,Friday,February,0,0,1
20220219,2022-02-19,2022,1,2,19,6,Saturday,February,0,0,1
20220220,2022-02-20,2022,1,2,20,7,Sunday,February,0,0,1
20220221,2022-02-21,2022,1,2,21,1,Monday,February,0,0,1
20220222,2022-02-22,2022,1,2,22,2,Tuesday,February,0,0,1
20220223,2022-02-23,2022,1,2,23,3,Wednesday,February,0,0,1
20220224,2022-02-24,2022,1,2,24,4,Thursday,February,0,0,1
20220225,2022-02-25,2022,1,2,25,5,Friday,February,0,0,1
20220226,2022-02-26,2022,1,2,26,6,Saturday,February,0,0,1
20220227,2022-02-27,2022,1,2,27,7,Sunday,February,0,0,1
20220228,2022-02-28,2022,1,2,28,1,Monday,February,0,0,1
20220301,2022-03-01,2022,1,3,1,2,Tuesday,March,0,0,1
20220302,2022-03-02,2022,1,3,2,3,Wednesday,March,0,0,1
20220303,2022-03-03,2022,1,3,3,4,Thursday,March,0,0,1
20220304,2022-03-04,2022,1,3,4,5,Friday,March,0,0,1
20220305,2022-03-05,2022,1,3,5,6,Saturday,March,0,0,1
20220306,2022-03-06,2022,1,3,6,7,Sunday,March,0,0,1
20220307,2022-03-07,2022,1,3,7,1,Monday,March,0,0,1
20220308,2022-03-08,2022,1,3,8,2,Tuesday,March,0,0,1
20220309,2022-03-09,2022,1,3,9,3,Wednesday,March,0,0,1
20220310,2022-03-10,2022,1,3,10,4,Thursday,March,0,0,1
20220311,2022-03-11,2022,1,3,11,5,Friday,March,0,0,1
20220312,2022-03-12,2022,1,3,12,6,Saturday,March,0,0,1
20220313,2022-03-13,2022,1,3,13,7,Sunday,March,0,0,1
20220314,2022-03-14,2022,1,3,14,1,Monday,March,0,0,1
20220315,2022-03-15,2022,1,3,15,2,Tuesday,March,1,0,1
20220316,2022-03-16,2022,1,3,16,3,Wednesday,March,1,0,1
20220317,2022-03-17,2022,1,3,17,4,Thursday,March,1,0,1
20220318,2022-03-18,2022,1,3,18,5,Friday,March,1,0,1
20220319,2022-03-19,2022,1,3,19,6,Saturday,March,1,0,1
20220320,2022-03-20,2022,1,3,20,7,Sunday,March,1,0,1
20220321,2022-03-21,2022,1,3,21,1,Monday,March,1,0,1
20220322,2022-03-22,2022,1,3,22,2,Tuesday,March,0,0,1
20220323,2022-03-23,2022,1,3,23,3,Wednesday,March,0,0,1
20220324,2022-03-24,2022,1,3,24,4,Thursday,March,0,0,1
20220325,2022-03-25,2022,1,3,25,5,Friday,March,0,0,1
20220326,2022-03-26,2022,1,3,26,6,Saturday,March,0,0,1
20220327,2022-03-27,2022,1,3,27,7,Sunday,March,0,0,1
20220328,2022-03-28,2022,1,3,28,1,Monday,March,0,0,1
20220329,2022-03-29,2022,1,3,29,2,Tuesday,March,0,0,1
20220330,2022-03-30,2022,1,3,30,3,Wednesday,March,0,0,1
20220331,2022-03-31,2022,1,3,31,4,Thursday,March,0,0,1
20220401,2022-04-01,2022,2,4,1,5,Friday,April,0,0,0
20220402,2022-04-02,2022,2,4,2,6,Saturday,April,0,0,0
20220403,2022-04-03,2022,2,4,3,7,Sunday,April,0,0,0
20220404,2022-04-04,2022,2,4,4,1,Monday,April,0,0,0
20220405,2022-04-05,2022,2,4,5,2,Tuesday,April,0,0,0
20220406,2022-04-06,2022,2,4,6,3,Wednesday,April,0,0,0
20220407,2022-04-07,2022,2,4,7,4,Thursday,April,0,0,0
20220408,2022-04-08,2022,2,4,8,5,Friday,April,0,0,0
20220409,2022-04-09,2022,2,4,9,6,Saturday,April,0,0,0
20220410,2022-04-10,2022,2,4,10,7,Sunday,April,0,0,0
20220411,2022-04-11,2022,2,4,11,1,Monday,April,0,0,0
20220412,2022-04-12,2022,2,4,12,2,Tuesday,April,0,0,0
20220413,2022-04-13,2022,2,4,13,3,Wednesday,April,0,0,0
20220414,2022-04-14,2022,2,4,14,4,Thursday,April,0,0,0
20220415,2022-04-15,2022,2,4,15,5,Friday,April,0,0,0
20220416,2022-04-16,2022,2,4,16,6,Saturday,April,0,0,0
20220417,2022-04-17,2022,2,4,17,7,Sunday,April,0,0,0
20220418,2022-04-18,2022,2,4,18,1,Monday,April,0,0,0
20220419,2022-04-19,2022,2,4,19,2,Tuesday,April,0,0,0
20220420,2022-04-20,2022,2,4,20,3,Wednesday,April,0,0,0
20220421,2022-04-21,2022,2,4,21,4,Thursday,April,0,0,0
20220422,2022-04-22,2022,2,4,22,5,Friday,April,0,0,0
20220423,2022-04-23,2022,2,4,23,6,Saturday,April,0,0,0
20220424,2022-04-24,2022,2,4,24,7,Sunday,April,0,0,0
20220425,2022-04-25,2022,2,4,25,1,Monday,April,0,0,0
20220426,2022-04-26,2022,2,4,26,2,Tuesday,April,0,0,0
20220427,2022-04-27,2022,2,4,27,3,Wednesday,April,0,0,0
20220428,2022-04-28,2022,2,4,28,4,Thursday,April,0,0,0
20220429,2022-04-29,2022,2,4,29,5,Friday,April,0,0,0
20220430,2022-04-30,2022,2,4,30,6,Saturday,April,0,0,0
20220501,2022-05-01,2022,2,5,1,7,Sunday,May,0,1,0
20220502,2022-05-02,2022,2,5,2,1,Monday,May,0,1,0
20220503,2022-05-03,2022,2,5,3,2,Tuesday,May,0,1,0
20220504,2022-05-04,2022,2,5,4,3,Wednesday,May,0,1,0
20220505,2022-05-05,2022,2,5,5,4,Thursday,May,0,1,0
20220506,2022-05-06,2022,2,5,6,5,Friday,May,0,1,0
20220507,2022-05-07,2022,2,5,7,6,Saturday,May,0,1,0
20220508,2022-05-08,2022,2,5,8,7,Sunday,May,0,1,0
20220509,2022-05-09,2022,2,5,9,1,Monday,May,0,1,0
20220510,2022-05-10,2022,2,5,10,2,Tuesday,May,0,1,0
20220511,2022-05-11,2022,2,5,11,3,Wednesday,May,0,1,0
20220512,2022-05-12,2022,2,5,12,4,Thursday,May,0,1,0
20220513,2022-05-13,2022,2,5,13,5,Friday,May,0,1,0
20220514,2022-05-14,2022,2,5,14,6,Saturday,May,0,1,0
20220515,2022-05-15,2022,2,5,15,7,Sunday,May,0,1,0
20220516,2022-05-16,2022,2,5,16,1,Monday,May,0,1,0
20220517,2022-05-17,2022,2,5,17,2,Tuesday,May,0,1,0
20220518,2022-05-18,2022,2,5,18,3,Wednesday,May,0,1,0
20220519,2022-05-19,2022,2,5,19,4,Thursday,May,0,1,0
20220520,2022-05-20,2022,2,5,20,5,Friday,May,0,1,0
20220521,2022-05-21,2022,2,5,21,6,Saturday,May,0,1,0
20220522,2022-05-22,2022,2,5,22,7,Sunday,May,0,1,0
20220523,2022-05-23,2022,2,5,23,1,Monday,May,0,1,0
20220524,2022-05-24,2022,2,5,24,2,Tuesday,May,0,1,0
20220525,2022-05-25,2022,2,5,25,3,Wednesday,May,0,1,0
20220526,2022-05-26,2022,2,5,26,4,Thursday,May,0,1,0
20220527,2022-05-27,2022,2,5,27,5,Friday,May,0,1,0
20220528,2022-05-28,2022,2,5,28,6,Saturday,May,0,1,0
20220529,2022-05-29,2022,2,5,29,7,Sunday,May,0,1,0
20220530,2022-05-30,2022,2,5,30,1,Monday,May,0,1,0
20220531,2022-05-31,2022,2,5,31,2,Tuesday,May,0,1,0
20220601,2022-06-01,2022,2,6,1,3,Wednesday,June,0,1,0
20220602,2022-06-02,2022,2,6,2,4,Thursday,June,0,1,0
20220603,2022-06-03,2022,2,6,3,5,Friday,June,0,1,0
20220604,2022-06-04,2022,2,6,4,6,Saturday,June,0,1,0
20220605,2022-06-05,2022,2,6,5,7,Sunday,June,0,1,0
20220606,2022-06-06,2022,2,6,6,1,Monday,June,0,1,0
20220607,2022-06-07,2022,2,6,7,2,Tuesday,June,0,1,0
20220608,2022-06-08,2022,2,6,8,3,Wednesday,June,0,1,0
20220609,2022-06-09,2022,2,6,9,4,Thursday,June,0,1,0
20220610,2022-06-10,2022,2,6,10,5,Friday,June,0,1,0
20220611,2022-06-11,2022,2,6,11,6,Saturday,June,0,1,0
20220612,2022-06-12,2022,2,6,12,7,Sunday,June,0,1,0
20220613,2022-06-13,2022,2,6,13,1,Monday,June,0,1,0
20220614,2022-06-14,2022,2,6,14,2,Tuesday,June,0,1,0
20220615,2022-06-15,2022,2,6,15,3,Wednesday,June,1,1,0
20220616,2022-06-16,2022,2,6,16,4,Thursday,June,1,1,0
20220617,2022-06-17,2022,2,6,17,5,Friday,June,1,1,0
20220618,2022-06-18,2022,2,6,18,6,Saturday,June,1,1,0
20220619,2022-06-19,2022,2,6,19,7,Sunday,June,1,1,0
20220620,2022-06-20,2022,2,6,20,1,Monday,June,1,1,0
20220621,2022-06-21,2022,2,6,21,2,Tuesday,June,1,1,0
20220622,2022-06-22,2022,2,6,22,3,Wednesday,June,0,1,0
20220623,2022-06-23,2022,2,6,23,4,Thursday,June,0,1,0
20220624,2022-06-24,2022,2,6,24,5,Friday,June,0,1,0
20220625,2022-06-25,2022,2,6,25,6,Saturday,June,0,1,0
20220626,2022-06-26,2022,2,6,26,7,Sunday,June,0,1,0
20220627,2022-06-27,2022,2,6,27,1,Monday,June,0,1,0
20220628,2022-06-28,2022,2,6,28,2,Tuesday,June,0,1,0
20220629,2022-06-29,2022,2,6,29,3,Wednesday,June,0,1,0
20220630,2022-06-30,2022,2,6,30,4,Thursday,June,0,1,0
20220701,2022-07-01,2022,3,7,1,5,Friday,July,0,1,0
20220702,2022-07-02,2022,3,7,2,6,Saturday,July,0,1,0
20220703,2022-07-03,2022,3,7,3,7,Sunday,July,0,1,0
20220704,2022-07-04,2022,3,7,4,1,Monday,July,0,1,0
20220705,2022-07-05,2022,3,7,5,2,Tuesday,July,0,1,0
20220706,2022-07-06,2022,3,7,6,3,Wednesday,July,0,1,0
20220707,2022-07-07,2022,3,7,7,4,Thursday,July,0,1,0
20220708,2022-07-08,2022,3,7,8,5,Friday,July,0,1,0
20220709,2022-07-09,2022,3,7,9,6,Saturday,July,0,1,0
20220710,2022-07-10,2022,3,7,10,7,Sunday,July,0,1,0
20220711,2022-07-11,2022,3,7,11,1,Monday,July,0,1,0
20220712,2022-07-12,2022,3,7,12,2,Tuesday,July,0,1,0
20220713,2022-07-13,2022,3,7,13,3,Wednesday,July,0,1,0
20220714,2022-07-14,2022,3,7,14,4,Thursday,July,0,1,0
20220715,2022-07-15,2022,3,7,15,5,Friday,July,0,1,0
20220716,2022-07-16,2022,3,7,16,6,Saturday,July,0,1,0
20220717,2022-07-17,2022,3,7,17,7,Sunday,July,0,1,0
20220718,2022-07-18,2022,3,7,18,1,Monday,July,0,1,0
20220719,2022-07-19,2022,3,7,19,2,Tuesday,July,0,1,0
20220720,2022-07-20,2022,3,7,20,3,Wednesday,July,0,1,0
20220721,2022-07-21,2022,3,7,21,4,Thursday,July,0,1,0
20220722,2022-07-22,2022,3,7,22,5,Friday,July,0,1,0
20220723,2022-07-23,2022,3,7,23,6,Saturday,July,0,1,0
20220724,2022-07-24,2022,3,7,24,7,Sunday,July,0,1,0
20220725,2022-07-25,2022,3,7,25,1,Monday,July,0,1,0
20220726,2022-07-26,2022,3,7,26,2,Tuesday,July,0,1,0
20220727,2022-07-27,2022,3,7,27,3,Wednesday,July,0,1,0
20220728,2022-07-28,2022,3,7,28,4,Thursday,July,0,1,0
20220729,2022-07-29,2022,3,7,29,5,Friday,July,0,1,0
20220730,2022-07-30,2022,3,7,30,6,Saturday,July,0,1,0
20220731,2022-07-31,2022,3,7,31,7,Sunday,July,0,1,0
20220801,2022-08-01,2022,3,8,1,1,Monday,August,0,1,0
20220802,2022-08-02,2022,3,8,2,2,Tuesday,August,0,1,0
20220803,2022-08-03,2022,3,8,3,3,Wednesday,August,0,1,0
20220804,2022-08-04,2022,3,8,4,4,Thursday,August,0,1,0
20220805,2022-08-05,2022,3,8,5,5,Friday,August,0,1,0
20220806,2022-08-06,2022,3,8,6,6,Saturday,August,0,1,0
20220807,2022-08-07,2022,3,8,7,7,Sunday,August,0,1,0
20220808,2022-08-08,2022,3,8,8,1,Monday,August,0,1,0
20220809,2022-08-09,2022,3,8,9,2,Tuesday,August,0,1,0
20220810,2022-08-10,2022,3,8,10,3,Wednesday,August,0,1,0
20220811,2022-08-11,2022,3,8,11,4,Thursday,August,0,1,0
20220812,2022-08-12,2022,3,8,12,5,Friday,August,0,1,0
20220813,2022-08-13,2022,3,8,13,6,Saturday,August,0,1,0
20220814,2022-08-14,2022,3,8,14,7,Sunday,August,0,1,0
20220815,2022-08-15,2022,3,8,15,1,Monday,August,0,1,0
20220816,2022-08-16,2022,3,8,16,2,Tuesday,August,0,1,0
20220817,2022-08-17,2022,3,8,17,3,Wednesday,August,0,1,0
20220818,2022-08-18,2022,3,8,18,4,Thursday,August,0,1,0
20220819,2022-08-19,2022,3,8,19,5,Friday,August,0,1,0
20220820,2022-08-20,2022,3,8,20,6,Saturday,August,0,1,0
20220821,2022-08-21,2022,3,8,21,7,Sunday,August,0,1,0
20220822,2022-08-22,2022,3,8,22,1,Monday,August,0,1,0
20220823,2022-08-23,2022,3,8,23,2,Tuesday,August,0,1,0
20220824,2022-08-24,2022,3,8,24,3,Wednesday,August,0,1,0
20220825,2022-08-25,2022,3,8,25,4,Thursday,August,0,1,0
20220826,2022-08-26,2022,3,8,26,5,Friday,August,0,1,0
20220827,2022-08-27,2022,3,8,27,6,Saturday,August,0,1,0
20220828,2022-08-28,2022,3,8,28,7,Sunday,August,0,1,0
20220829,2022-08-29,2022,3,8,29,1,Monday,August,0,1,0
20220830,2022-08-30,2022,3,8,30,2,Tuesday,August,0,1,0
20220831,2022-08-31,2022,3,8,31,3,Wednesday,August,0,1,0
20220901,2022-09-01,2022,3,9,1,4,Thursday,September,0,1,0
20220902,2022-09-02,2022,3,9,2,5,Friday,September,0,1,0
20220903,2022-09-03,2022,3,9,3,6,Saturday,September,0,1,0
20220904,2022-09-04,2022,3,9,4,7,Sunday,September,0,1,0
20220905,2022-09-05,2022,3,9,5,1,Monday,September,0,1,0
20220906,2022-09-06,2022,3,9,6,2,Tuesday,September,0,1,0
20220907,2022-09-07,2022,3,9,7,3,Wednesday,September,0,1,0
20220908,2022-09-08,2022,3,9,8,4,Thursday,September,0,1,0
20220909,2022-09-09,2022,3,9,9,5,Friday,September,0,1,0
20220910,2022-09-10,2022,3,9,10,6,Saturday,September,0,1,0
20220911,2022-09-11,2022,3,9,11,7,Sunday,September,0,1,0
20220912,2022-09-12,2022,3,9,12,1,Monday,September,0,1,0
20220913,2022-09-13,2022,3,9,13,2,Tuesday,September,0,1,0
20220914,2022-09-14,2022,3,9,14,3,Wednesday,September,0,1,0
20220915,2022-09-15,2022,3,9,15,4,Thursday,September,1,1,0
20220916,2022-09-16,2022,3,9,16,5,Friday,September,1,1,0
20220917,2022-09-17,2022,3,9,17,6,Saturday,September,1,1,0
20220918,2022-09-18,2022,3,9,18,7,Sunday,September,1,1,0
20220919,2022-09-19,2022,3,9,19,1,Monday,September,1,1,0
20220920,2022-09-20,2022,3,9,20,2,Tuesday,September,1,1,0
20220921,2022-09-21,2022,3,9,21,3,Wednesday,September,1,1,0
20220922,2022-09-22,2022,3,9,22,4,Thursday,September,0,1,0
20220923,2022-09-23,2022,3,9,23,5,Friday,September,0,1,0
20220924,2022-09-24,2022,3,9,24,6,Saturday,September,0,1,0
20220925,2022-09-25,2022,3,9,25,7,Sunday,September,0,1,0
20220926,2022-09-26,2022,3,9,26,1,Monday,September,0,1,0
20220927,2022-09-27,2022,3,9,27,2,Tuesday,September,0,1,0
20220928,2022-09-28,2022,3,9,28,3,Wednesday,September,0,1,0
20220929,2022-09-29,2022,3,9,29,4,Thursday,September,0,1,0
20220930,2022-09-30,2022,3,9,30,5,Friday,September,0,1,0
20221001,2022-10-01,2022,4,10,1,6,Saturday,October,0,0,0
20221002,2022-10-02,2022,4,10,2,7,Sunday,October,0,0,0
20221003,2022-10-03,2022,4,10,3,1,Monday,October,0,0,0
20221004,2022-10-04,2022,4,10,4,2,Tuesday,October,0,0,0
20221005,2022-10-05,2022,4,10,5,3,Wednesday,October,0,0,0
20221006,2022-10-06,2022,4,10,6,4,Thursday,October,0,0,0
20221007,2022-10-07,2022,4,10,7,5,Friday,October,0,0,0
20221008,2022-10-08,2022,4,10,8,6,Saturday,October,0,0,0
20221009,2022-10-09,2022,4,10,9,7,Sunday,October,0,0,0
20221010,2022-10-10,2022,4,10,10,1,Monday,October,0,0,0
20221011,2022-10-11,2022,4,10,11,2,Tuesday,October,0,0,0
20221012,2022-10-12,2022,4,10,12,3,Wednesday,October,0,0,0
20221013,2022-10-13,2022,4,10,13,4,Thursday,October,0,0,0
20221014,2022-10-14,2022,4,10,14,5,Friday,October,0,0,0
20221015,2022-10-15,2022,4,10,15,6,Saturday,October,0,0,0
20221016,2022-10-16,2022,4,10,16,7,Sunday,October,0,0,0
20221017,2022-10-17,2022,4,10,17,1,Monday,October,0,0,0
20221018,2022-10-18,2022,4,10,18,2,Tuesday,October,0,0,0
20221019,2022-10-19,2022,4,10,19,3,Wednesday,October,0,0,0
20221020,2022-10-20,2022,4,10,20,4,Thursday,October,0,0,0
20221021,2022-10-21,2022,4,10,21,5,Friday,October,0,0,0
20221022,2022-10-22,2022,4,10,22,6,Saturday,October,0,0,0
20221023,2022-10-23,2022,4,10,23,7,Sunday,October,0,0,0
20221024,2022-10-24,2022,4,10,24,1,Monday,October,0,0,0
20221025,2022-10-25,2022,4,10,25,2,Tuesday,October,0,0,0
20221026,2022-10-26,2022,4,10,26,3,Wednesday,October,0,0,0
20221027,2022-10-27,2022,4,10,27,4,Thursday,October,0,0,0
20221028,2022-10-28,2022,4,10,28,5,Friday,October,0,0,0
20221029,2022-10-29,2022,4,10,29,6,Saturday,October,0,0,0
20221030,2022-10-30,2022,4,10,30,7,Sunday,October,0,0,0
20221031,2022-10-31,2022,4,10,31,1,Monday,October,0,0,0
20221101,2022-11-01,2022,4,11,1,2,Tuesday,November,0,0,1
20221102,2022-11-02,2022,4,11,2,3,Wednesday,November,0,0,1
20221103,2022-11-03,2022,4,11,3,4,Thursday,November,0,0,1
20221104,2022-11-04,2022,4,11,4,5,Friday,November,0,0,1
20221105,2022-11-05,2022,4,11,5,6,Saturday,November,0,0,1
20221106,2022-11-06,2022,4,11,6,7,Sunday,November,0,0,1
20221107,2022-11-07,2022,4,11,7,1,Monday,November,0,0,1
20221108,2022-11-08,2022,4,11,8,2,Tuesday,November,0,0,1
20221109,2022-11-09,2022,4,11,9,3,Wednesday,November,0,0,1
20221110,2022-11-10,2022,4,11,10,4,Thursday,November,0,0,1
20221111,2022-11-11,2022,4,11,11,5,Friday,November,0,0,1
20221112,2022-11-12,2022,4,11,12,6,Saturday,November,0,0,1
20221113,2022-11-13,2022,4,11,13,7,Sunday,November,0,0,1
20221114,2022-11-14,2022,4,11,14,1,Monday,November,0,0,1
20221115,2022-11-15,2022,4,11,15,2,Tuesday,November,0,0,1
20221116,2022-11-16,2022,4,11,16,3,Wednesday,November,0,0,1
20221117,2022-11-17,2022,4,11,17,4,Thursday,November,0,0,1
20221118,2022-11-18,2022,4,11,18,5,Friday,November,0,0,1
20221119,2022-11-19,2022,4,11,19,6,Saturday,November,0,0,1
20221120,2022-11-20,2022,4,11,20,7,Sunday,November,0,0,1
20221121,2022-11-21,2022,4,11,21,1,Monday,November,0,0,1
20221122,2022-11-22,2022,4,11,22,2,Tuesday,November,0,0,1
20221123,2022-11-23,2022,4,11,23,3,Wednesday,November,0,0,1
20221124,2022-11-24,2022,4,11,24,4,Thursday,November,0,0,1
20221125,2022-11-25,2022,4,11,25,5,Friday,November,0,0,1
20221126,2022-11-26,2022,4,11,26,6,Saturday,November,0,0,1
20221127,2022-11-27,2022,4,11,27,7,Sunday,November,0,0,1
20221128,2022-11-28,2022,4,11,28,1,Monday,November,0,0,1
20221129,2022-11-29,2022,4,11,29,2,Tuesday,November,0,0,1
20221130,2022-11-30,2022,4,11,30,3,Wednesday,November,0,0,1
20221201,2022-12-01,2022,4,12,1,4,Thursday,December,0,0,1
20221202,2022-12-02,2022,4,12,2,5,Friday,December,0,0,1
20221203,2022-12-03,2022,4,12,3,6,Saturday,December,0,0,1
20221204,2022-12-04,2022,4,12,4,7,Sunday,December,0,0,1
20221205,2022-12-05,2022,4,12,5,1,Monday,December,0,0,1
20221206,2022-12-06,2022,4,12,6,2,Tuesday,December,0,0,1
20221207,2022-12-07,2022,4,12,7,3,Wednesday,December,0,0,1
20221208,2022-12-08,2022,4,12,8,4,Thursday,December,0,0,1
20221209,2022-12-09,2022,4,12,9,5,Friday,December,0,0,1
20221210,2022-12-10,2022,4,12,10,6,Saturday,December,0,0,1
20221211,2022-12-11,2022,4,12,11,7,Sunday,December,0,0,1
20221212,2022-12-12,2022,4,12,12,1,Monday,December,0,0,1
20221213,2022-12-13,2022,4,12,13,2,Tuesday,December,0,0,1
20221214,2022-12-14,2022,4,12,14,3,Wednesday,December,0,0,1
20221215,2022-12-15,2022,4,12,15,4,Thursday,December,1,0,1
20221216,2022-12-16,2022,4,12,16,5,Friday,December,1,0,1
20221217,2022-12-17,2022,4,12,17,6,Saturday,December,1,0,1
20221218,2022-12-18,2022,4,12,18,7,Sunday,December,1,0,1
20221219,2022-12-19,2022,4,12,19,1,Monday,December,1,0,1
20221220,2022-12-20,2022,4,12,20,2,Tuesday,December,1,0,1
20221221,2022-12-21,2022,4,12,21,3,Wednesday,December,1,0,1
20221222,2022-12-22,2022,4,12,22,4,Thursday,December,0,0,1
20221223,2022-12-23,2022,4,12,23,5,Friday,December,0,0,1
20221224,2022-12-24,2022,4,12,24,6,Saturday,December,0,0,1
20221225,2022-12-25,2022,4,12,25,7,Sunday,December,0,0,1
20221226,2022-12-26,2022,4,12,26,1,Monday,December,0,0,1
20221227,2022-12-27,2022,4,12,27,2,Tuesday,December,0,0,1
20221228,2022-12-28,2022,4,12,28,3,Wednesday,December,0,0,1
20221229,2022-12-29,2022,4,12,29,4,Thursday,December,0,0,1
20221230,2022-12-30,2022,4,12,30,5,Friday,December,0,0,1
20221231,2022-12-31,2022,4,12,31,6,Saturday,December,0,0,1
20230101,2023-01-01,2023,1,1,1,7,Sunday,January,0,0,1
20230102,2023-01-02,2023,1,1,2,1,Monday,January,0,0,1
20230103,2023-01-03,2023,1,1,3,2,Tuesday,January,0,0,1
20230104,2023-01-04,2023,1,1,4,3,Wednesday,January,0,0,1
20230105,2023-01-05,2023,1,1,5,4,Thursday,January,0,0,1
20230106,2023-01-06,2023,1,1,6,5,Friday,January,0,0,1
20230107,2023-01-07,2023,1,1,7,6,Saturday,January,0,0,1
20230108,2023-01-08,2023,1,1,8,7,Sunday,January,0,0,1
20230109,2023-01-09,2023,1,1,9,1,Monday,January,0,0,1
20230110,2023-01-10,2023,1,1,10,2,Tuesday,January,0,0,1
20230111,2023-01-11,2023,1,1,11,3,Wednesday,January,0,0,1
20230112,2023-01-12,2023,1,1,12,4,Thursday,January,0,0,1
20230113,2023-01-13,2023,1,1,13,5,Friday,January,0,0,1
20230114,2023-01-14,2023,1,1,14,6,Saturday,January,0,0,1
20230115,2023-01-15,2023,1,1,15,7,Sunday,January,0,0,1
20230116,2023-01-16,2023,1,1,16,1,Monday,January,0,0,1
20230117,2023-01-17,2023,1,1,17,2,Tuesday,January,0,0,1
20230118,2023-01-18,2023,1,1,18,3,Wednesday,January,0,0,1
20230119,2023-01-19,2023,1,1,19,4,Thursday,January,0,0,1
20230120,2023-01-20,2023,1,1,20,5,Friday,January,0,0,1
20230121,2023-01-21,2023,1,1,21,6,Saturday,January,0,0,1
20230122,2023-01-22,2023,1,1,22,7,Sunday,January,0,0,1
20230123,2023-01-23,2023,1,1,23,1,Monday,January,0,0,1
20230124,2023-01-24,2023,1,1,24,2,Tuesday,January,0,0,1
20230125,2023-01-25,2023,1,1,25,3,Wednesday,January,0,0,1
20230126,2023-01-26,2023,1,1,26,4,Thursday,January,0,0,1
20230127,2023-01-27,2023,1,1,27,5,Friday,January,0,0,1
20230128,2023-01-28,2023,1,1,28,6,Saturday,January,0,0,1
20230129,2023-01-29,2023,1,1,29,7,Sunday,January,0,0,1
20230130,2023-01-30,2023,1,1,30,1,Monday,January,0,0,1
20230131,2023-01-31,2023,1,1,31,2,Tuesday,January,0,0,1
20230201,2023-02-01,2023,1,2,1,3,Wednesday,February,0,0,1
20230202,2023-02-02,2023,1,2,2,4,Thursday,February,0,0,1
20230203,2023-02-03,2023,1,2,3,5,Friday,February,0,0,1
20230204,2023-02-04,2023,1,2,4,6,Saturday,February,0,0,1
20230205,2023-02-05,2023,1,2,5,7,Sunday,February,0,0,1
20230206,2023-02-06,2023,1,2,6,1,Monday,February,0,0,1
20230207,2023-02-07,2023,1,2,7,2,Tuesday,February,0,0,1
20230208,2023-02-08,2023,1,2,8,3,Wednesday,February,0,0,1
20230209,2023-02-09,2023,1,2,9,4,Thursday,February,0,0,1
20230210,2023-02-10,2023,1,2,10,5,Friday,February,0,0,1
20230211,2023-02-11,2023,1,2,11,6,Saturday,February,0,0,1
20230212,2023-02-12,2023,1,2,12,7,Sunday,February,0,0,1
20230213,2023-02-13,2023,1,2,13,1,Monday,February,0,0,1
20230214,2023-02-14,2023,1,2,14,2,Tuesday,February,0,0,1
20230215,2023-02-15,2023,1,2,15,3,Wednesday,February,0,0,1
20230216,2023-02-16,2023,1,2,16,4,Thursday,February,0,0,1
20230217,2023-02-17,2023,1,2,17,5,Friday,February,0,0,1
20230218,2023-02-18,2023,1,2,18,6,Saturday,February,0,0,1
20230219,2023-02-19,2023,1,2,19,7,Sunday,February,0,0,1
20230220,2023-02-20,2023,1,2,20,1,Monday,February,0,0,1
20230221,2023-02-21,2023,1,2,21,2,Tuesday,February,0,0,1
20230222,2023-02-22,2023,1,2,22,3,Wednesday,February,0,0,1
20230223,2023-02-23,2023,1,2,23,4,Thursday,February,0,0,1
20230224,2023-02-24,2023,1,2,24,5,Friday,February,0,0,1
20230225,2023-02-25,2023,1,2,25,6,Saturday,February,0,0,1
20230226,2023-02-26,2023,1,2,26,7,Sunday,February,0,0,1
20230227,2023-02-27,2023,1,2,27,1,Monday,February,0,0,1
20230228,2023-02-28,2023,1,2,28,2,Tuesday,February,0,0,1
20230301,2023-03-01,2023,1,3,1,3,Wednesday,March,0,0,1
20230302,2023-03-02,2023,1,3,2,4,Thursday,March,0,0,1
20230303,2023-03-03,2023,1,3,3,5,Friday,March,0,0,1
20230304,2023-03-04,2023,1,3,4,6,Saturday,March,0,0,1
20230305,2023-03-05,2023,1,3,5,7,Sunday,March,0,0,1
20230306,2023-03-06,2023,1,3,6,1,Monday,March,0,0,1
20230307,2023-03-07,2023,1,3,7,2,Tuesday,March,0,0,1
20230308,2023-03-08,2023,1,3,8,3,Wednesday,March,0,0,1
20230309,2023-03-09,2023,1,3,9,4,Thursday,March,0,0,1
20230310,2023-03-10,2023,1,3,10,5,Friday,March,0,0,1
20230311,2023-03-11,2023,1,3,11,6,Saturday,March,0,0,1
20230312,2023-03-12,2023,1,3,12,7,Sunday,March,0,0,1
20230313,2023-03-13,2023,1,3,13,1,Monday,March,0,0,1
20230314,2023-03-14,2023,1,3,14,2,Tuesday,March,0,0,1
20230315,2023-03-15,2023,1,3,15,3,Wednesday,March,1,0,1
20230316,2023-03-16,2023,1,3,16,4,Thursday,March,1,0,1
20230317,2023-03-17,2023,1,3,17,5,Friday,March,1,0,1
20230318,2023-03-18,2023,1,3,18,6,Saturday,March,1,0,1
20230319,2023-03-19,2023,1,3,19,7,Sunday,March,1,0,1
20230320,2023-03-20,2023,1,3,20,1,Monday,March,1,0,1
20230321,2023-03-21,2023,1,3,21,2,Tuesday,March,1,0,1
20230322,2023-03-22,2023,1,3,22,3,Wednesday,March,0,0,1
20230323,2023-03-23,2023,1,3,23,4,Thursday,March,0,0,1
20230324,2023-03-24,2023,1,3,24,5,Friday,March,0,0,1
20230325,2023-03-25,2023,1,3,25,6,Saturday,March,0,0,1
20230326,2023-03-26,2023,1,3,26,7,Sunday,March,0,0,1
20230327,2023-03-27,2023,1,3,27,1,Monday,March,0,0,1
20230328,2023-03-28,2023,1,3,28,2,Tuesday,March,0,0,1
20230329,2023-03-29,2023,1,3,29,3,Wednesday,March,0,0,1
20230330,2023-03-30,2023,1,3,30,4,Thursday,March,0,0,1
20230331,2023-03-31,2023,1,3,31,5,Friday,March,0,0,1
20230401,2023-04-01,2023,2,4,1,6,Saturday,April,0,0,0
20230402,2023-04-02,2023,2,4,2,7,Sunday,April,0,0,0
20230403,2023-04-03,2023,2,4,3,1,Monday,April,0,0,0
20230404,2023-04-04,2023,2,4,4,2,Tuesday,April,0,0,0
20230405,2023-04-05,2023,2,4,5,3,Wednesday,April,0,0,0
20230406,2023-04-06,2023,2,4,6,4,Thursday,April,0,0,0
20230407,2023-04-07,2023,2,4,7,5,Friday,April,0,0,0
20230408,2023-04-08,2023,2,4,8,6,Saturday,April,0,0,0
20230409,2023-04-09,2023,2,4,9,7,Sunday,April,0,0,0
20230410,2023-04-10,2023,2,4,10,1,Monday,April,0,0,0
20230411,2023-04-11,2023,2,4,11,2,Tuesday,April,0,0,0
20230412,2023-04-12,2023,2,4,12,3,Wednesday,April,0,0,0
20230413,2023-04-13,2023,2,4,13,4,Thursday,April,0,0,0
20230414,2023-04-14,2023,2,4,14,5,Friday,April,0,0,0
20230415,2023-04-15,2023,2,4,15,6,Saturday,April,0,0,0
20230416,2023-04-16,2023,2,4,16,7,Sunday,April,0,0,0
20230417,2023-04-17,2023,2,4,17,1,Monday,April,0,0,0
20230418,2023-04-18,2023,2,4,18,2,Tuesday,April,0,0,0
20230419,2023-04-19,2023,2,4,19,3,Wednesday,April,0,0,0
20230420,2023-04-20,2023,2,4,20,4,Thursday,April,0,0,0
20230421,2023-04-21,2023,2,4,21,5,Friday,April,0,0,0
20230422,2023-04-22,2023,2,4,22,6,Saturday,April,0,0,0
20230423,2023-04-23,2023,2,4,23,7,Sunday,April,0,0,0
20230424,2023-04-24,2023,2,4,24,1,Monday,April,0,0,0
20230425,2023-04-25,2023,2,4,25,2,Tuesday,April,0,0,0
20230426,2023-04-26,2023,2,4,26,3,Wednesday,April,0,0,0
20230427,2023-04-27,2023,2,4,27,4,Thursday,April,0,0,0
20230428,2023-04-28,2023,2,4,28,5,Friday,April,0,0,0
20230429,2023-04-29,2023,2,4,29,6,Saturday,April,0,0,0
20230430,2023-04-30,2023,2,4,30,7,Sunday,April,0,0,0
20230501,2023-05-01,2023,2,5,1,1,Monday,May,0,1,0
20230502,2023-05-02,2023,2,5,2,2,Tuesday,May,0,1,0
20230503,2023-05-03,2023,2,5,3,3,Wednesday,May,0,1,0
20230504,2023-05-04,2023,2,5,4,4,Thursday,May,0,1,0
20230505,2023-05-05,2023,2,5,5,5,Friday,May,0,1,0
20230506,2023-05-06,2023,2,5,6,6,Saturday,May,0,1,0
20230507,2023-05-07,2023,2,5,7,7,Sunday,May,0,1,0
20230508,2023-05-08,2023,2,5,8,1,Monday,May,0,1,0
20230509,2023-05-09,2023,2,5,9,2,Tuesday,May,0,1,0
20230510,2023-05-10,2023,2,5,10,3,Wednesday,May,0,1,0
20230511,2023-05-11,2023,2,5,11,4,Thursday,May,0,1,0
20230512,2023-05-12,2023,2,5,12,5,Friday,May,0,1,0
20230513,2023-05-13,2023,2,5,13,6,Saturday,May,0,1,0
20230514,2023-05-14,2023,2,5,14,7,Sunday,May,0,1,0
20230515,2023-05-15,2023,2,5,15,1,Monday,May,0,1,0
20230516,2023-05-16,2023,2,5,16,2,Tuesday,May,0,1,0
20230517,2023-05-17,2023,2,5,17,3,Wednesday,May,0,1,0
20230518,2023-05-18,2023,2,5,18,4,Thursday,May,0,1,0
20230519,2023-05-19,2023,2,5,19,5,Friday,May,0,1,0
20230520,2023-05-20,2023,2,5,20,6,Saturday,May,0,1,0
20230521,2023-05-21,2023,2,5,21,7,Sunday,May,0,1,0
20230522,2023-05-22,2023,2,5,22,1,Monday,May,0,1,0
20230523,2023-05-23,2023,2,5,23,2,Tuesday,May,0,1,0
20230524,2023-05-24,2023,2,5,24,3,Wednesday,May,0,1,0
20230525,2023-05-25,2023,2,5,25,4,Thursday,May,0,1,0
20230526,2023-05-26,2023,2,5,26,5,Friday,May,0,1,0
20230527,2023-05-27,2023,2,5,27,6,Saturday,May,0,1,0
20230528,2023-05-28,2023,2,5,28,7,Sunday,May,0,1,0
20230529,2023-05-29,2023,2,5,29,1,Monday,May,0,1,0
20230530,2023-05-30,2023,2,5,30,2,Tuesday,May,0,1,0
20230531,2023-05-31,2023,2,5,31,3,Wednesday,May,0,1,0
20230601,2023-06-01,2023,2,6,1,4,Thursday,June,0,1,0
20230602,2023-06-02,2023,2,6,2,5,Friday,June,0,1,0
20230603,2023-06-03,2023,2,6,3,6,Saturday,June,0,1,0
20230604,2023-06-04,2023,2,6,4,7,Sunday,June,0,1,0
20230605,2023-06-05,2023,2,6,5,1,Monday,June,0,1,0
20230606,2023-06-06,2023,2,6,6,2,Tuesday,June,0,1,0
20230607,2023-06-07,2023,2,6,7,3,Wednesday,June,0,1,0
20230608,2023-06-08,2023,2,6,8,4,Thursday,June,0,1,0
20230609,2023-06-09,2023,2,6,9,5,Friday,June,0,1,0
20230610,2023-06-10,2023,2,6,10,6,Saturday,June,0,1,0
20230611,2023-06-11,2023,2,6,11,7,Sunday,June,0,1,0
20230612,2023-06-12,2023,2,6,12,1,Monday,June,0,1,0
20230613,2023-06-13,2023,2,6,13,2,Tuesday,June,0,1,0
20230614,2023-06-14,2023,2,6,14,3,Wednesday,June,0,1,0
20230615,2023-06-15,2023,2,6,15,4,Thursday,June,1,1,0
20230616,2023-06-16,2023,2,6,16,5,Friday,June,1,1,0
20230617,2023-06-17,2023,2,6,17,6,Saturday,June,1,1,0
20230618,2023-06-18,2023,2,6,18,7,Sunday,June,1,1,0
20230619,2023-06-19,2023,2,6,19,1,Monday,June,1,1,0
20230620,2023-06-20,2023,2,6,20,2,Tuesday,June,1,1,0
20230621,2023-06-21,2023,2,6,21,3,Wednesday,June,1,1,0
20230622,2023-06-22,2023,2,6,22,4,Thursday,June,0,1,0
20230623,2023-06-23,2023,2,6,23,5,Friday,June,0,1,0
20230624,2023-06-24,2023,2,6,24,6,Saturday,June,0,1,0
20230625,2023-06-25,2023,2,6,25,7,Sunday,June,0,1,0
20230626,2023-06-26,2023,2,6,26,1,Monday,June,0,1,0
20230627,2023-06-27,2023,2,6,27,2,Tuesday,June,0,1,0
20230628,2023-06-28,2023,2,6,28,3,Wednesday,June,0,1,0
20230629,2023-06-29,2023,2,6,29,4,Thursday,June,0,1,0
20230630,2023-06-30,2023,2,6,30,5,Friday,June,0,1,0
20230701,2023-07-01,2023,3,7,1,6,Saturday,July,0,1,0
20230702,2023-07-02,2023,3,7,2,7,Sunday,July,0,1,0
20230703,2023-07-03,2023,3,7,3,1,Monday,July,0,1,0
20230704,2023-07-04,2023,3,7,4,2,Tuesday,July,0,1,0
20230705,2023-07-05,2023,3,7,5,3,Wednesday,July,0,1,0
20230706,2023-07-06,2023,3,7,6,4,Thursday,July,0,1,0
20230707,2023-07-07,2023,3,7,7,5,Friday,July,0,1,0
20230708,2023-07-08,2023,3,7,8,6,Saturday,July,0,1,0
20230709,2023-07-09,2023,3,7,9,7,Sunday,July,0,1,0
20230710,2023-07-10,2023,3,7,10,1,Monday,July,0,1,0
20230711,2023-07-11,2023,3,7,11,2,Tuesday,July,0,1,0
20230712,2023-07-12,2023,3,7,12,3,Wednesday,July,0,1,0
20230713,2023-07-13,2023,3,7,13,4,Thursday,July,0,1,0
20230714,2023-07-14,2023,3,7,14,5,Friday,July,0,1,0
20230715,2023-07-15,2023,3,7,15,6,Saturday,July,0,1,0
20230716,2023-07-16,2023,3,7,16,7,Sunday,July,0,1,0
20230717,2023-07-17,2023,3,7,17,1,Monday,July,0,1,0
20230718,2023-07-18,2023,3,7,18,2,Tuesday,July,0,1,0
20230719,2023-07-19,2023,3,7,19,3,Wednesday,July,0,1,0
20230720,2023-07-20,2023,3,7,20,4,Thursday,July,0,1,0
20230721,2023-07-21,2023,3,7,21,5,Friday,July,0,1,0
20230722,2023-07-22,2023,3,7,22,6,Saturday,July,0,1,0
20230723,2023-07-23,2023,3,7,23,7,Sunday,July,0,1,0
20230724,2023-07-24,2023,3,7,24,1,Monday,July,0,1,0
20230725,2023-07-25,2023,3,7,25,2,Tuesday,July,0,1,0
20230726,2023-07-26,2023,3,7,26,3,Wednesday,July,0,1,0
20230727,2023-07-27,2023,3,7,27,4,Thursday,July,0,1,0
20230728,2023-07-28,2023,3,7,28,5,Friday,July,0,1,0
20230729,2023-07-29,2023,3,7,29,6,Saturday,July,0,1,0
20230730,2023-07-30,2023,3,7,30,7,Sunday,July,0,1,0
20230731,2023-07-31,2023,3,7,31,1,Monday,July,0,1,0
20230801,2023-08-01,2023,3,8,1,2,Tuesday,August,0,1,0
20230802,2023-08-02,2023,3,8,2,3,Wednesday,August,0,1,0
20230803,2023-08-03,2023,3,8,3,4,Thursday,August,0,1,0
20230804,2023-08-04,2023,3,8,4,5,Friday,August,0,1,0
20230805,2023-08-05,2023,3,8,5,6,Saturday,August,0,1,0
20230806,2023-08-06,2023,3,8,6,7,Sunday,August,0,1,0
20230807,2023-08-07,2023,3,8,7,1,Monday,August,0,1,0
20230808,2023-08-08,2023,3,8,8,2,Tuesday,August,0,1,0
20230809,2023-08-09,2023,3,8,9,3,Wednesday,August,0,1,0
20230810,2023-08-10,2023,3,8,10,4,Thursday,August,0,1,0
20230811,2023-08-11,2023,3,8,11,5,Friday,August,0,1,0
20230812,2023-08-12,2023,3,8,12,6,Saturday,August,0,1,0
20230813,2023-08-13,2023,3,8,13,7,Sunday,August,0,1,0
20230814,2023-08-14,2023,3,8,14,1,Monday,August,0,1,0
20230815,2023-08-15,2023,3,8,15,2,Tuesday,August,0,1,0
20230816,2023-08-16,2023,3,8,16,3,Wednesday,August,0,1,0
20230817,2023-08-17,2023,3,8,17,4,Thursday,August,0,1,0
20230818,2023-08-18,2023,3,8,18,5,Friday,August,0,1,0
20230819,2023-08-19,2023,3,8,19,6,Saturday,August,0,1,0
20230820,2023-08-20,2023,3,8,20,7,Sunday,August,0,1,0
20230821,2023-08-21,2023,3,8,21,1,Monday,August,0,1,0
20230822,2023-08-22,2023,3,8,22,2,Tuesday,August,0,1,0
20230823,2023-08-23,2023,3,8,23,3,Wednesday,August,0,1,0
20230824,2023-08-24,2023,3,8,24,4,Thursday,August,0,1,0
20230825,2023-08-25,2023,3,8,25,5,Friday,August,0,1,0
20230826,2023-08-26,2023,3,8,26,6,Saturday,August,0,1,0
20230827,2023-08-27,2023,3,8,27,7,Sunday,August,0,1,0
20230828,2023-08-28,2023,3,8,28,1,Monday,August,0,1,0
20230829,2023-08-29,2023,3,8,29,2,Tuesday,August,0,1,0
20230830,2023-08-30,2023,3,8,30,3,Wednesday,August,0,1,0
20230831,2023-08-31,2023,3,8,31,4,Thursday,August,0,1,0
20230901,2023-09-01,2023,3,9,1,5,Friday,September,0,1,0
20230902,2023-09-02,2023,3,9,2,6,Saturday,September,0,1,0
20230903,2023-09-03,2023,3,9,3,7,Sunday,September,0,1,0
20230904,2023-09-04,2023,3,9,4,1,Monday,September,0,1,0
20230905,2023-09-05,2023,3,9,5,2,Tuesday,September,0,1,0
20230906,2023-09-06,2023,3,9,6,3,Wednesday,September,0,1,0
20230907,2023-09-07,2023,3,9,7,4,Thursday,September,0,1,0
20230908,2023-09-08,2023,3,9,8,5,Friday,September,0,1,0
20230909,2023-09-09,2023,3,9,9,6,Saturday,September,0,1,0
20230910,2023-09-10,2023,3,9,10,7,Sunday,September,0,1,0
20230911,2023-09-11,2023,3,9,11,1,Monday,September,0,1,0
20230912,2023-09-12,2023,3,9,12,2,Tuesday,September,0,1,0
20230913,2023-09-13,2023,3,9,13,3,Wednesday,September,0,1,0
20230914,2023-09-14,2023,3,9,14,4,Thursday,September,0,1,0
20230915,2023-09-15,2023,3,9,15,5,Friday,September,1,1,0
20230916,2023-09-16,2023,3,9,16,6,Saturday,September,1,1,0
20230917,2023-09-17,2023,3,9,17,7,Sunday,September,1,1,0
20230918,2023-09-18,2023,3,9,18,1,Monday,September,1,1,0
20230919,2023-09-19,2023,3,9,19,2,Tuesday,September,1,1,0
20230920,2023-09-20,2023,3,9,20,3,Wednesday,September,1,1,0
20230921,2023-09-21,2023,3,9,21,4,Thursday,September,1,1,0
20230922,2023-09-22,2023,3,9,22,5,Friday,September,0,1,0
20230923,2023-09-23,2023,3,9,23,6,Saturday,September,0,1,0
20230924,2023-09-24,2023,3,9,24,7,Sunday,September,0,1,0
20230925,2023-09-25,2023,3,9,25,1,Monday,September,0,1,0
20230926,2023-09-26,2023,3,9,26,2,Tuesday,September,0,1,0
20230927,2023-09-27,2023,3,9,27,3,Wednesday,September,0,1,0
20230928,2023-09-28,2023,3,9,28,4,Thursday,September,0,1,0
20230929,2023-09-29,2023,3,9,29,5,Friday,September,0,1,0
20230930,2023-09-30,2023,3,9,30,6,Saturday,September,0,1,0
20231001,2023-10-01,2023,4,10,1,7,Sunday,October,0,0,0
20231002,2023-10-02,2023,4,10,2,1,Monday,October,0,0,0
20231003,2023-10-03,2023,4,10,3,2,Tuesday,October,0,0,0
20231004,2023-10-04,2023,4,10,4,3,Wednesday,October,0,0,0
20231005,2023-10-05,2023,4,10,5,4,Thursday,October,0,0,0
20231006,2023-10-06,2023,4,10,6,5,Friday,October,0,0,0
20231007,2023-10-07,2023,4,10,7,6,Saturday,October,0,0,0
20231008,2023-10-08,2023,4,10,8,7,Sunday,October,0,0,0
20231009,2023-10-09,2023,4,10,9,1,Monday,October,0,0,0
20231010,2023-10-10,2023,4,10,10,2,Tuesday,October,0,0,0
20231011,2023-10-11,2023,4,10,11,3,Wednesday,October,0,0,0
20231012,2023-10-12,2023,4,10,12,4,Thursday,October,0,0,0
20231013,2023-10-13,2023,4,10,13,5,Friday,October,0,0,0
20231014,2023-10-14,2023,4,10,14,6,Saturday,October,0,0,0
20231015,2023-10-15,2023,4,10,15,7,Sunday,October,0,0,0
20231016,2023-10-16,2023,4,10,16,1,Monday,October,0,0,0
20231017,2023-10-17,2023,4,10,17,2,Tuesday,October,0,0,0
20231018,2023-10-18,2023,4,10,18,3,Wednesday,October,0,0,0
20231019,2023-10-19,2023,4,10,19,4,Thursday,October,0,0,0
20231020,2023-10-20,2023,4,10,20,5,Friday,October,0,0,0
20231021,2023-10-21,2023,4,10,21,6,Saturday,October,0,0,0
20231022,2023-10-22,2023,4,10,22,7,Sunday,October,0,0,0
20231023,2023-10-23,2023,4,10,23,1,Monday,October,0,0,0
20231024,2023-10-24,2023,4,10,24,2,Tuesday,October,0,0,0
20231025,2023-10-25,2023,4,10,25,3,Wednesday,October,0,0,0
20231026,2023-10-26,2023,4,10,26,4,Thursday,October,0,0,0
20231027,2023-10-27,2023,4,10,27,5,Friday,October,0,0,0
20231028,2023-10-28,2023,4,10,28,6,Saturday,October,0,0,0
20231029,2023-10-29,2023,4,10,29,7,Sunday,October,0,0,0
20231030,2023-10-30,2023,4,10,30,1,Monday,October,0,0,0
20231031,2023-10-31,2023,4,10,31,2,Tuesday,October,0,0,0
20231101,2023-11-01,2023,4,11,1,3,Wednesday,November,0,0,1
20231102,2023-11-02,2023,4,11,2,4,Thursday,November,0,0,1
20231103,2023-11-03,2023,4,11,3,5,Friday,November,0,0,1
20231104,2023-11-04,2023,4,11,4,6,Saturday,November,0,0,1
20231105,2023-11-05,2023,4,11,5,7,Sunday,November,0,0,1
20231106,2023-11-06,2023,4,11,6,1,Monday,November,0,0,1
20231107,2023-11-07,2023,4,11,7,2,Tuesday,November,0,0,1
20231108,2023-11-08,2023,4,11,8,3,Wednesday,November,0,0,1
20231109,2023-11-09,2023,4,11,9,4,Thursday,November,0,0,1
20231110,2023-11-10,2023,4,11,10,5,Friday,November,0,0,1
20231111,2023-11-11,2023,4,11,11,6,Saturday,November,0,0,1
20231112,2023-11-12,2023,4,11,12,7,Sunday,November,0,0,1
20231113,2023-11-13,2023,4,11,13,1,Monday,November,0,0,1
20231114,2023-11-14,2023,4,11,14,2,Tuesday,November,0,0,1
20231115,2023-11-15,2023,4,11,15,3,Wednesday,November,0,0,1
20231116,2023-11-16,2023,4,11,16,4,Thursday,November,0,0,1
20231117,2023-11-17,2023,4,11,17,5,Friday,November,0,0,1
20231118,2023-11-18,2023,4,11,18,6,Saturday,November,0,0,1
20231119,2023-11-19,2023,4,11,19,7,Sunday,November,0,0,1
20231120,2023-11-20,2023,4,11,20,1,Monday,November,0,0,1
20231121,2023-11-21,2023,4,11,21,2,Tuesday,November,0,0,1
20231122,2023-11-22,2023,4,11,22,3,Wednesday,November,0,0,1
20231123,2023-11-23,2023,4,11,23,4,Thursday,November,0,0,1
20231124,2023-11-24,2023,4,11,24,5,Friday,November,0,0,1
20231125,2023-11-25,2023,4,11,25,6,Saturday,November,0,0,1
20231126,2023-11-26,2023,4,11,26,7,Sunday,November,0,0,1
20231127,2023-11-27,2023,4,11,27,1,Monday,November,0,0,1
20231128,2023-11-28,2023,4,11,28,2,Tuesday,November,0,0,1
20231129,2023-11-29,2023,4,11,29,3,Wednesday,November,0,0,1
20231130,2023-11-30,2023,4,11,30,4,Thursday,November,0,0,1
20231201,2023-12-01,2023,4,12,1,5,Friday,December,0,0,1
20231202,2023-12-02,2023,4,12,2,6,Saturday,December,0,0,1
20231203,2023-12-03,2023,4,12,3,7,Sunday,December,0,0,1
20231204,2023-12-04,2023,4,12,4,1,Monday,December,0,0,1
20231205,2023-12-05,2023,4,12,5,2,Tuesday,December,0,0,1
20231206,2023-12-06,2023,4,12,6,3,Wednesday,December,0,0,1
20231207,2023-12-07,2023,4,12,7,4,Thursday,December,0,0,1
20231208,2023-12-08,2023,4,12,8,5,Friday,December,0,0,1
20231209,2023-12-09,2023,4,12,9,6,Saturday,December,0,0,1
20231210,2023-12-10,2023,4,12,10,7,Sunday,December,0,0,1
20231211,2023-12-11,2023,4,12,11,1,Monday,December,0,0,1
20231212,2023-12-12,2023,4,12,12,2,Tuesday,December,0,0,1
20231213,2023-12-13,2023,4,12,13,3,Wednesday,December,0,0,1
20231214,2023-12-14,2023,4,12,14,4,Thursday,December,0,0,1
20231215,2023-12-15,2023,4,12,15,5,Friday,December,1,0,1
20231216,2023-12-16,2023,4,12,16,6,Saturday,December,1,0,1
20231217,2023-12-17,2023,4,12,17,7,Sunday,December,1,0,1
20231218,2023-12-18,2023,4,12,18,1,Monday,December,1,0,1
20231219,2023-12-19,2023,4,12,19,2,Tuesday,December,1,0,1
20231220,2023-12-20,2023,4,12,20,3,Wednesday,December,1,0,1
20231221,2023-12-21,2023,4,12,21,4,Thursday,December,1,0,1
20231222,2023-12-22,2023,4,12,22,5,Friday,December,0,0,1
20231223,2023-12-23,2023,4,12,23,6,Saturday,December,0,0,1
20231224,2023-12-24,2023,4,12,24,7,Sunday,December,0,0,1
20231225,2023-12-25,2023,4,12,25,1,Monday,December,0,0,1
20231226,2023-12-26,2023,4,12,26,2,Tuesday,December,0,0,1
20231227,2023-12-27,2023,4,12,27,3,Wednesday,December,0,0,1
20231228,2023-12-28,2023,4,12,28,4,Thursday,December,0,0,1
20231229,2023-12-29,2023,4,12,29,5,Friday,December,0,0,1
20231230,2023-12-30,2023,4,12,30,6,Saturday,December,0,0,1
20231231,2023-12-31,2023,4,12,31,7,Sunday,December,0,0,1
20240101,2024-01-01,2024,1,1,1,1,Monday,January,0,0,1
20240102,2024-01-02,2024,1,1,2,2,Tuesday,January,0,0,1
20240103,2024-01-03,2024,1,1,3,3,Wednesday,January,0,0,1
20240104,2024-01-04,2024,1,1,4,4,Thursday,January,0,0,1
20240105,2024-01-05,2024,1,1,5,5,Friday,January,0,0,1
20240106,2024-01-06,2024,1,1,6,6,Saturday,January,0,0,1
20240107,2024-01-07,2024,1,1,7,7,Sunday,January,0,0,1
20240108,2024-01-08,2024,1,1,8,1,Monday,January,0,0,1
20240109,2024-01-09,2024,1,1,9,2,Tuesday,January,0,0,1
20240110,2024-01-10,2024,1,1,10,3,Wednesday,January,0,0,1
20240111,2024-01-11,2024,1,1,11,4,Thursday,January,0,0,1
20240112,2024-01-12,2024,1,1,12,5,Friday,January,0,0,1
20240113,2024-01-13,2024,1,1,13,6,Saturday,January,0,0,1
20240114,2024-01-14,2024,1,1,14,7,Sunday,January,0,0,1
20240115,2024-01-15,2024,1,1,15,1,Monday,January,0,0,1
20240116,2024-01-16,2024,1,1,16,2,Tuesday,January,0,0,1
20240117,2024-01-17,2024,1,1,17,3,Wednesday,January,0,0,1
20240118,2024-01-18,2024,1,1,18,4,Thursday,January,0,0,1
20240119,2024-01-19,2024,1,1,19,5,Friday,January,0,0,1
20240120,2024-01-20,2024,1,1,20,6,Saturday,January,0,0,1
20240121,2024-01-21,2024,1,1,21,7,Sunday,January,0,0,1
20240122,2024-01-22,2024,1,1,22,1,Monday,January,0,0,1
20240123,2024-01-23,2024,1,1,23,2,Tuesday,January,0,0,1
20240124,2024-01-24,2024,1,1,24,3,Wednesday,January,0,0,1
20240125,2024-01-25,2024,1,1,25,4,Thursday,January,0,0,1
20240126,2024-01-26,2024,1,1,26,5,Friday,January,0,0,1
20240127,2024-01-27,2024,1,1,27,6,Saturday,January,0,0,1
20240128,2024-01-28,2024,1,1,28,7,Sunday,January,0,0,1
20240129,2024-01-29,2024,1,1,29,1,Monday,January,0,0,1
20240130,2024-01-30,2024,1,1,30,2,Tuesday,January,0,0,1
20240131,2024-01-31,2024,1,1,31,3,Wednesday,January,0,0,1
20240201,2024-02-01,2024,1,2,1,4,Thursday,February,0,0,1
20240202,2024-02-02,2024,1,2,2,5,Friday,February,0,0,1
20240203,2024-02-03,2024,1,2,3,6,Saturday,February,0,0,1
20240204,2024-02-04,2024,1,2,4,7,Sunday,February,0,0,1
20240205,2024-02-05,2024,1,2,5,1,Monday,February,0,0,1
20240206,2024-02-06,2024,1,2,6,2,Tuesday,February,0,0,1
20240207,2024-02-07,2024,1,2,7,3,Wednesday,February,0,0,1
20240208,2024-02-08,2024,1,2,8,4,Thursday,February,0,0,1
20240209,2024-02-09,2024,1,2,9,5,Friday,February,0,0,1
20240210,2024-02-10,2024,1,2,10,6,Saturday,February,0,0,1
20240211,2024-02-11,2024,1,2,11,7,Sunday,February,0,0,1
20240212,2024-02-12,2024,1,2,12,1,Monday,February,0,0,1
20240213,2024-02-13,2024,1,2,13,2,Tuesday,February,0,0,1
20240214,2024-02-14,2024,1,2,14,3,Wednesday,February,0,0,1
20240215,2024-02-15,2024,1,2,15,4,Thursday,February,0,0,1
20240216,2024-02-16,2024,1,2,16,5,Friday,February,0,0,1
20240217,2024-02-17,2024,1,2,17,6,Saturday,February,0,0,1
20240218,2024-02-18,2024,1,2,18,7,Sunday,February,0,0,1
20240219,2024-02-19,2024,1,2,19,1,Monday,February,0,0,1
20240220,2024-02-20,2024,1,2,20,2,Tuesday,February,0,0,1
20240221,2024-02-21,2024,1,2,21,3,Wednesday,February,0,0,1
20240222,2024-02-22,2024,1,2,22,4,Thursday,February,0,0,1
20240223,2024-02-23,2024,1,2,23,5,Friday,February,0,0,1
20240224,2024-02-24,2024,1,2,24,6,Saturday,February,0,0,1
20240225,2024-02-25,2024,1,2,25,7,Sunday,February,0,0,1
20240226,2024-02-26,2024,1,2,26,1,Monday,February,0,0,1
20240227,2024-02-27,2024,1,2,27,2,Tuesday,February,0,0,1
20240228,2024-02-28,2024,1,2,28,3,Wednesday,February,0,0,1
20240229,2024-02-29,2024,1,2,29,4,Thursday,February,0,0,1
20240301,2024-03-01,2024,1,3,1,5,Friday,March,0,0,1
20240302,2024-03-02,2024,1,3,2,6,Saturday,March,0,0,1
20240303,2024-03-03,2024,1,3,3,7,Sunday,March,0,0,1
20240304,2024-03-04,2024,1,3,4,1,Monday,March,0,0,1
20240305,2024-03-05,2024,1,3,5,2,Tuesday,March,0,0,1
20240306,2024-03-06,2024,1,3,6,3,Wednesday,March,0,0,1
20240307,2024-03-07,2024,1,3,7,4,Thursday,March,0,0,1
20240308,2024-03-08,2024,1,3,8,5,Friday,March,0,0,1
20240309,2024-03-09,2024,1,3,9,6,Saturday,March,0,0,1
20240310,2024-03-10,2024,1,3,10,7,Sunday,March,0,0,1
20240311,2024-03-11,2024,1,3,11,1,Monday,March,0,0,1
20240312,2024-03-12,2024,1,3,12,2,Tuesday,March,0,0,1
20240313,2024-03-13,2024,1,3,13,3,Wednesday,March,0,0,1
20240314,2024-03-14,2024,1,3,14,4,Thursday,March,0,0,1
20240315,2024-03-15,2024,1,3,15,5,Friday,March,1,0,1
20240316,2024-03-16,2024,1,3,16,6,Saturday,March,1,0,1
20240317,2024-03-17,2024,1,3,17,7,Sunday,March,1,0,1
20240318,2024-03-18,2024,1,3,18,1,Monday,March,1,0,1
20240319,2024-03-19,2024,1,3,19,2,Tuesday,March,1,0,1
20240320,2024-03-20,2024,1,3,20,3,Wednesday,March,1,0,1
20240321,2024-03-21,2024,1,3,21,4,Thursday,March,1,0,1
20240322,2024-03-22,2024,1,3,22,5,Friday,March,0,0,1
20240323,2024-03-23,2024,1,3,23,6,Saturday,March,0,0,1
20240324,2024-03-24,2024,1,3,24,7,Sunday,March,0,0,1
20240325,2024-03-25,2024,1,3,25,1,Monday,March,0,0,1
20240326,2024-03-26,2024,1,3,26,2,Tuesday,March,0,0,1
20240327,2024-03-27,2024,1,3,27,3,Wednesday,March,0,0,1
20240328,2024-03-28,2024,1,3,28,4,Thursday,March,0,0,1
20240329,2024-03-29,2024,1,3,29,5,Friday,March,0,0,1
20240330,2024-03-30,2024,1,3,30,6,Saturday,March,0,0,1
20240331,2024-03-31,2024,1,3,31,7,Sunday,March,0,0,1
20240401,2024-04-01,2024,2,4,1,1,Monday,April,0,0,0
20240402,2024-04-02,2024,2,4,2,2,Tuesday,April,0,0,0
20240403,2024-04-03,2024,2,4,3,3,Wednesday,April,0,0,0
20240404,2024-04-04,2024,2,4,4,4,Thursday,April,0,0,0
20240405,2024-04-05,2024,2,4,5,5,Friday,April,0,0,0
20240406,2024-04-06,2024,2,4,6,6,Saturday,April,0,0,0
20240407,2024-04-07,2024,2,4,7,7,Sunday,April,0,0,0
20240408,2024-04-08,2024,2,4,8,1,Monday,April,0,0,0
20240409,2024-04-09,2024,2,4,9,2,Tuesday,April,0,0,0
20240410,2024-04-10,2024,2,4,10,3,Wednesday,April,0,0,0
20240411,2024-04-11,2024,2,4,11,4,Thursday,April,0,0,0
20240412,2024-04-12,2024,2,4,12,5,Friday,April,0,0,0
20240413,2024-04-13,2024,2,4,13,6,Saturday,April,0,0,0
20240414,2024-04-14,2024,2,4,14,7,Sunday,April,0,0,0
20240415,2024-04-15,2024,2,4,15,1,Monday,April,0,0,0
20240416,2024-04-16,2024,2,4,16,2,Tuesday,April,0,0,0
20240417,2024-04-17,2024,2,4,17,3,Wednesday,April,0,0,0
20240418,2024-04-18,2024,2,4,18,4,Thursday,April,0,0,0
20240419,2024-04-19,2024,2,4,19,5,Friday,April,0,0,0
20240420,2024-04-20,2024,2,4,20,6,Saturday,April,0,0,0
20240421,2024-04-21,2024,2,4,21,7,Sunday,April,0,0,0
20240422,2024-04-22,2024,2,4,22,1,Monday,April,0,0,0
20240423,2024-04-23,2024,2,4,23,2,Tuesday,April,0,0,0
20240424,2024-04-24,2024,2,4,24,3,Wednesday,April,0,0,0
20240425,2024-04-25,2024,2,4,25,4,Thursday,April,0,0,0
20240426,2024-04-26,2024,2,4,26,5,Friday,April,0,0,0
20240427,2024-04-27,2024,2,4,27,6,Saturday,April,0,0,0
20240428,2024-04-28,2024,2,4,28,7,Sunday,April,0,0,0
20240429,2024-04-29,2024,2,4,29,1,Monday,April,0,0,0
20240430,2024-04-30,2024,2,4,30,2,Tuesday,April,0,0,0
20240501,2024-05-01,2024,2,5,1,3,Wednesday,May,0,1,0
20240502,2024-05-02,2024,2,5,2,4,Thursday,May,0,1,0
20240503,2024-05-03,2024,2,5,3,5,Friday,May,0,1,0
20240504,2024-05-04,2024,2,5,4,6,Saturday,May,0,1,0
20240505,2024-05-05,2024,2,5,5,7,Sunday,May,0,1,0
20240506,2024-05-06,2024,2,5,6,1,Monday,May,0,1,0
20240507,2024-05-07,2024,2,5,7,2,Tuesday,May,0,1,0
20240508,2024-05-08,2024,2,5,8,3,Wednesday,May,0,1,0
20240509,2024-05-09,2024,2,5,9,4,Thursday,May,0,1,0
20240510,2024-05-10,2024,2,5,10,5,Friday,May,0,1,0
20240511,2024-05-11,2024,2,5,11,6,Saturday,May,0,1,0
20240512,2024-05-12,2024,2,5,12,7,Sunday,May,0,1,0
20240513,2024-05-13,2024,2,5,13,1,Monday,May,0,1,0
20240514,2024-05-14,2024,2,5,14,2,Tuesday,May,0,1,0
20240515,2024-05-15,2024,2,5,15,3,Wednesday,May,0,1,0
20240516,2024-05-16,2024,2,5,16,4,Thursday,May,0,1,0
20240517,2024-05-17,2024,2,5,17,5,Friday,May,0,1,0
20240518,2024-05-18,2024,2,5,18,6,Saturday,May,0,1,0
20240519,2024-05-19,2024,2,5,19,7,Sunday,May,0,1,0
20240520,2024-05-20,2024,2,5,20,1,Monday,May,0,1,0
20240521,2024-05-21,2024,2,5,21,2,Tuesday,May,0,1,0
20240522,2024-05-22,2024,2,5,22,3,Wednesday,May,0,1,0
20240523,2024-05-23,2024,2,5,23,4,Thursday,May,0,1,0
20240524,2024-05-24,2024,2,5,24,5,Friday,May,0,1,0
20240525,2024-05-25,2024,2,5,25,6,Saturday,May,0,1,0
20240526,2024-05-26,2024,2,5,26,7,Sunday,May,0,1,0
20240527,2024-05-27,2024,2,5,27,1,Monday,May,0,1,0
20240528,2024-05-28,2024,2,5,28,2,Tuesday,May,0,1,0
20240529,2024-05-29,2024,2,5,29,3,Wednesday,May,0,1,0
20240530,2024-05-30,2024,2,5,30,4,Thursday,May,0,1,0
20240531,2024-05-31,2024,2,5,31,5,Friday,May,0,1,0
20240601,2024-06-01,2024,2,6,1,6,Saturday,June,0,1,0
20240602,2024-06-02,2024,2,6,2,7,Sunday,June,0,1,0
20240603,2024-06-03,2024,2,6,3,1,Monday,June,0,1,0
20240604,2024-06-04,2024,2,6,4,2,Tuesday,June,0,1,0
20240605,2024-06-05,2024,2,6,5,3,Wednesday,June,0,1,0
20240606,2024-06-06,2024,2,6,6,4,Thursday,June,0,1,0
20240607,2024-06-07,2024,2,6,7,5,Friday,June,0,1,0
20240608,2024-06-08,2024,2,6,8,6,Saturday,June,0,1,0
20240609,2024-06-09,2024,2,6,9,7,Sunday,June,0,1,0
20240610,2024-06-10,2024,2,6,10,1,Monday,June,0,1,0
20240611,2024-06-11,2024,2,6,11,2,Tuesday,June,0,1,0
20240612,2024-06-12,2024,2,6,12,3,Wednesday,June,0,1,0
20240613,2024-06-13,2024,2,6,13,4,Thursday,June,0,1,0
20240614,2024-06-14,2024,2,6,14,5,Friday,June,0,1,0
20240615,2024-06-15,2024,2,6,15,6,Saturday,June,1,1,0
20240616,2024-06-16,2024,2,6,16,7,Sunday,June,1,1,0
20240617,2024-06-17,2024,2,6,17,1,Monday,June,1,1,0
20240618,2024-06-18,2024,2,6,18,2,Tuesday,June,1,1,0
20240619,2024-06-19,2024,2,6,19,3,Wednesday,June,1,1,0
20240620,2024-06-20,2024,2,6,20,4,Thursday,June,1,1,0
20240621,2024-06-21,2024,2,6,21,5,Friday,June,1,1,0
20240622,2024-06-22,2024,2,6,22,6,Saturday,June,0,1,0
20240623,2024-06-23,2024,2,6,23,7,Sunday,June,0,1,0
20240624,2024-06-24,2024,2,6,24,1,Monday,June,0,1,0
20240625,2024-06-25,2024,2,6,25,2,Tuesday,June,0,1,0
20240626,2024-06-26,2024,2,6,26,3,Wednesday,June,0,1,0
20240627,2024-06-27,2024,2,6,27,4,Thursday,June,0,1,0
20240628,2024-06-28,2024,2,6,28,5,Friday,June,0,1,0
20240629,2024-06-29,2024,2,6,29,6,Saturday,June,0,1,0
20240630,2024-06-30,2024,2,6,30,7,Sunday,June,0,1,0
20240701,2024-07-01,2024,3,7,1,1,Monday,July,0,1,0
20240702,2024-07-02,2024,3,7,2,2,Tuesday,July,0,1,0
20240703,2024-07-03,2024,3,7,3,3,Wednesday,July,0,1,0
20240704,2024-07-04,2024,3,7,4,4,Thursday,July,0,1,0
20240705,2024-07-05,2024,3,7,5,5,Friday,July,0,1,0
20240706,2024-07-06,2024,3,7,6,6,Saturday,July,0,1,0
20240707,2024-07-07,2024,3,7,7,7,Sunday,July,0,1,0
20240708,2024-07-08,2024,3,7,8,1,Monday,July,0,1,0
20240709,2024-07-09,2024,3,7,9,2,Tuesday,July,0,1,0
20240710,2024-07-10,2024,3,7,10,3,Wednesday,July,0,1,0
20240711,2024-07-11,2024,3,7,11,4,Thursday,July,0,1,0
20240712,2024-07-12,2024,3,7,12,5,Friday,July,0,1,0
20240713,2024-07-13,2024,3,7,13,6,Saturday,July,0,1,0
20240714,2024-07-14,2024,3,7,14,7,Sunday,July,0,1,0
20240715,2024-07-15,2024,3,7,15,1,Monday,July,0,1,0
20240716,2024-07-16,2024,3,7,16,2,Tuesday,July,0,1,0
20240717,2024-07-17,2024,3,7,17,3,Wednesday,July,0,1,0
20240718,2024-07-18,2024,3,7,18,4,Thursday,July,0,1,0
20240719,2024-07-19,2024,3,7,19,5,Friday,July,0,1,0
20240720,2024-07-20,2024,3,7,20,6,Saturday,July,0,1,0
20240721,2024-07-21,2024,3,7,21,7,Sunday,July,0,1,0
20240722,2024-07-22,2024,3,7,22,1,Monday,July,0,1,0
20240723,2024-07-23,2024,3,7,23,2,Tuesday,July,0,1,0
20240724,2024-07-24,2024,3,7,24,3,Wednesday,July,0,1,0
20240725,2024-07-25,2024,3,7,25,4,Thursday,July,0,1,0
20240726,2024-07-26,2024,3,7,26,5,Friday,July,0,1,0
20240727,2024-07-27,2024,3,7,27,6,Saturday,July,0,1,0
20240728,2024-07-28,2024,3,7,28,7,Sunday,July,0,1,0
20240729,2024-07-29,2024,3,7,29,1,Monday,July,0,1,0
20240730,2024-07-30,2024,3,7,30,2,Tuesday,July,0,1,0
20240731,2024-07-31,2024,3,7,31,3,Wednesday,July,0,1,0
20240801,2024-08-01,2024,3,8,1,4,Thursday,August,0,1,0
20240802,2024-08-02,2024,3,8,2,5,Friday,August,0,1,0
20240803,2024-08-03,2024,3,8,3,6,Saturday,August,0,1,0
20240804,2024-08-04,2024,3,8,4,7,Sunday,August,0,1,0
20240805,2024-08-05,2024,3,8,5,1,Monday,August,0,1,0
20240806,2024-08-06,2024,3,8,6,2,Tuesday,August,0,1,0
20240807,2024-08-07,2024,3,8,7,3,Wednesday,August,0,1,0
20240808,2024-08-08,2024,3,8,8,4,Thursday,August,0,1,0
20240809,2024-08-09,2024,3,8,9,5,Friday,August,0,1,0
20240810,2024-08-10,2024,3,8,10,6,Saturday,August,0,1,0
20240811,2024-08-11,2024,3,8,11,7,Sunday,August,0,1,0
20240812,2024-08-12,2024,3,8,12,1,Monday,August,0,1,0
20240813,2024-08-13,2024,3,8,13,2,Tuesday,August,0,1,0
20240814,2024-08-14,2024,3,8,14,3,Wednesday,August,0,1,0
20240815,2024-08-15,2024,3,8,15,4,Thursday,August,0,1,0
20240816,2024-08-16,2024,3,8,16,5,Friday,August,0,1,0
20240817,2024-08-17,2024,3,8,17,6,Saturday,August,0,1,0
20240818,2024-08-18,2024,3,8,18,7,Sunday,August,0,1,0
20240819,2024-08-19,2024,3,8,19,1,Monday,August,0,1,0
20240820,2024-08-20,2024,3,8,20,2,Tuesday,August,0,1,0
20240821,2024-08-21,2024,3,8,21,3,Wednesday,August,0,1,0
20240822,2024-08-22,2024,3,8,22,4,Thursday,August,0,1,0
20240823,2024-08-23,2024,3,8,23,5,Friday,August,0,1,0
20240824,2024-08-24,2024,3,8,24,6,Saturday,August,0,1,0
20240825,2024-08-25,2024,3,8,25,7,Sunday,August,0,1,0
20240826,2024-08-26,2024,3,8,26,1,Monday,August,0,1,0
20240827,2024-08-27,2024,3,8,27,2,Tuesday,August,0,1,0
20240828,2024-08-28,2024,3,8,28,3,Wednesday,August,0,1,0
20240829,2024-08-29,2024,3,8,29,4,Thursday,August,0,1,0
20240830,2024-08-30,2024,3,8,30,5,Friday,August,0,1,0
20240831,2024-08-31,2024,3,8,31,6,Saturday,August,0,1,0
20240901,2024-09-01,2024,3,9,1,7,Sunday,September,0,1,0
20240902,2024-09-02,2024,3,9,2,1,Monday,September,0,1,0
20240903,2024-09-03,2024,3,9,3,2,Tuesday,September,0,1,0
20240904,2024-09-04,2024,3,9,4,3,Wednesday,September,0,1,0
20240905,2024-09-05,2024,3,9,5,4,Thursday,September,0,1,0
20240906,2024-09-06,2024,3,9,6,5,Friday,September,0,1,0
20240907,2024-09-07,2024,3,9,7,6,Saturday,September,0,1,0
20240908,2024-09-08,2024,3,9,8,7,Sunday,September,0,1,0
20240909,2024-09-09,2024,3,9,9,1,Monday,September,0,1,0
20240910,2024-09-10,2024,3,9,10,2,Tuesday,September,0,1,0
20240911,2024-09-11,2024,3,9,11,3,Wednesday,September,0,1,0
20240912,2024-09-12,2024,3,9,12,4,Thursday,September,0,1,0
20240913,2024-09-13,2024,3,9,13,5,Friday,September,0,1,0
20240914,2024-09-14,2024,3,9,14,6,Saturday,September,0,1,0
20240915,2024-09-15,2024,3,9,15,7,Sunday,September,1,1,0
20240916,2024-09-16,2024,3,9,16,1,Monday,September,1,1,0
20240917,2024-09-17,2024,3,9,17,2,Tuesday,September,1,1,0
20240918,2024-09-18,2024,3,9,18,3,Wednesday,September,1,1,0
20240919,2024-09-19,2024,3,9,19,4,Thursday,September,1,1,0
20240920,2024-09-20,2024,3,9,20,5,Friday,September,1,1,0
20240921,2024-09-21,2024,3,9,21,6,Saturday,September,1,1,0
20240922,2024-09-22,2024,3,9,22,7,Sunday,September,0,1,0
20240923,2024-09-23,2024,3,9,23,1,Monday,September,0,1,0
20240924,2024-09-24,2024,3,9,24,2,Tuesday,September,0,1,0
20240925,2024-09-25,2024,3,9,25,3,Wednesday,September,0,1,0
20240926,2024-09-26,2024,3,9,26,4,Thursday,September,0,1,0
20240927,2024-09-27,2024,3,9,27,5,Friday,September,0,1,0
20240928,2024-09-28,2024,3,9,28,6,Saturday,September,0,1,0
20240929,2024-09-29,2024,3,9,29,7,Sunday,September,0,1,0
20240930,2024-09-30,2024,3,9,30,1,Monday,September,0,1,0
20241001,2024-10-01,2024,4,10,1,2,Tuesday,October,0,0,0
20241002,2024-10-02,2024,4,10,2,3,Wednesday,October,0,0,0
20241003,2024-10-03,2024,4,10,3,4,Thursday,October,0,0,0
20241004,2024-10-04,2024,4,10,4,5,Friday,October,0,0,0
20241005,2024-10-05,2024,4,10,5,6,Saturday,October,0,0,0
20241006,2024-10-06,2024,4,10,6,7,Sunday,October,0,0,0
20241007,2024-10-07,2024,4,10,7,1,Monday,October,0,0,0
20241008,2024-10-08,2024,4,10,8,2,Tuesday,October,0,0,0
20241009,2024-10-09,2024,4,10,9,3,Wednesday,October,0,0,0
20241010,2024-10-10,2024,4,10,10,4,Thursday,October,0,0,0
20241011,2024-10-11,2024,4,10,11,5,Friday,October,0,0,0
20241012,2024-10-12,2024,4,10,12,6,Saturday,October,0,0,0
20241013,2024-10-13,2024,4,10,13,7,Sunday,October,0,0,0
20241014,2024-10-14,2024,4,10,14,1,Monday,October,0,0,0
20241015,2024-10-15,2024,4,10,15,2,Tuesday,October,0,0,0
20241016,2024-10-16,2024,4,10,16,3,Wednesday,October,0,0,0
20241017,2024-10-17,2024,4,10,17,4,Thursday,October,0,0,0
20241018,2024-10-18,2024,4,10,18,5,Friday,October,0,0,0
20241019,2024-10-19,2024,4,10,19,6,Saturday,October,0,0,0
20241020,2024-10-20,2024,4,10,20,7,Sunday,October,0,0,0
20241021,2024-10-21,2024,4,10,21,1,Monday,October,0,0,0
20241022,2024-10-22,2024,4,10,22,2,Tuesday,October,0,0,0
20241023,2024-10-23,2024,4,10,23,3,Wednesday,October,0,0,0
20241024,2024-10-24,2024,4,10,24,4,Thursday,October,0,0,0
20241025,2024-10-25,2024,4,10,25,5,Friday,October,0,0,0
20241026,2024-10-26,2024,4,10,26,6,Saturday,October,0,0,0
20241027,2024-10-27,2024,4,10,27,7,Sunday,October,0,0,0
20241028,2024-10-28,2024,4,10,28,1,Monday,October,0,0,0
20241029,2024-10-29,2024,4,10,29,2,Tuesday,October,0,0,0
20241030,2024-10-30,2024,4,10,30,3,Wednesday,October,0,0,0
20241031,2024-10-31,2024,4,10,31,4,Thursday,October,0,0,0
20241101,2024-11-01,2024,4,11,1,5,Friday,November,0,0,1
20241102,2024-11-02,2024,4,11,2,6,Saturday,November,0,0,1
20241103,2024-11-03,2024,4,11,3,7,Sunday,November,0,0,1
20241104,2024-11-04,2024,4,11,4,1,Monday,November,0,0,1
20241105,2024-11-05,2024,4,11,5,2,Tuesday,November,0,0,1
20241106,2024-11-06,2024,4,11,6,3,Wednesday,November,0,0,1
20241107,2024-11-07,2024,4,11,7,4,Thursday,November,0,0,1
20241108,2024-11-08,2024,4,11,8,5,Friday,November,0,0,1
20241109,2024-11-09,2024,4,11,9,6,Saturday,November,0,0,1
20241110,2024-11-10,2024,4,11,10,7,Sunday,November,0,0,1
20241111,2024-11-11,2024,4,11,11,1,Monday,November,0,0,1
20241112,2024-11-12,2024,4,11,12,2,Tuesday,November,0,0,1
20241113,2024-11-13,2024,4,11,13,3,Wednesday,November,0,0,1
20241114,2024-11-14,2024,4,11,14,4,Thursday,November,0,0,1
20241115,2024-11-15,2024,4,11,15,5,Friday,November,0,0,1
20241116,2024-11-16,2024,4,11,16,6,Saturday,November,0,0,1
20241117,2024-11-17,2024,4,11,17,7,Sunday,November,0,0,1
20241118,2024-11-18,2024,4,11,18,1,Monday,November,0,0,1
20241119,2024-11-19,2024,4,11,19,2,Tuesday,November,0,0,1
20241120,2024-11-20,2024,4,11,20,3,Wednesday,November,0,0,1
20241121,2024-11-21,2024,4,11,21,4,Thursday,November,0,0,1
20241122,2024-11-22,2024,4,11,22,5,Friday,November,0,0,1
20241123,2024-11-23,2024,4,11,23,6,Saturday,November,0,0,1
20241124,2024-11-24,2024,4,11,24,7,Sunday,November,0,0,1
20241125,2024-11-25,2024,4,11,25,1,Monday,November,0,0,1
20241126,2024-11-26,2024,4,11,26,2,Tuesday,November,0,0,1
20241127,2024-11-27,2024,4,11,27,3,Wednesday,November,0,0,1
20241128,2024-11-28,2024,4,11,28,4,Thursday,November,0,0,1
20241129,2024-11-29,2024,4,11,29,5,Friday,November,0,0,1
20241130,2024-11-30,2024,4,11,30,6,Saturday,November,0,0,1
20241201,2024-12-01,2024,4,12,1,7,Sunday,December,0,0,1
20241202,2024-12-02,2024,4,12,2,1,Monday,December,0,0,1
20241203,2024-12-03,2024,4,12,3,2,Tuesday,December,0,0,1
20241204,2024-12-04,2024,4,12,4,3,Wednesday,December,0,0,1
20241205,2024-12-05,2024,4,12,5,4,Thursday,December,0,0,1
20241206,2024-12-06,2024,4,12,6,5,Friday,December,0,0,1
20241207,2024-12-07,2024,4,12,7,6,Saturday,December,0,0,1
20241208,2024-12-08,2024,4,12,8,7,Sunday,December,0,0,1
20241209,2024-12-09,2024,4,12,9,1,Monday,December,0,0,1
20241210,2024-12-10,2024,4,12,10,2,Tuesday,December,0,0,1
20241211,2024-12-11,2024,4,12,11,3,Wednesday,December,0,0,1
20241212,2024-12-12,2024,4,12,12,4,Thursday,December,0,0,1
20241213,2024-12-13,2024,4,12,13,5,Friday,December,0,0,1
20241214,2024-12-14,2024,4,12,14,6,Saturday,December,0,0,1
20241215,2024-12-15,2024,4,12,15,7,Sunday,December,1,0,1
20241216,2024-12-16,2024,4,12,16,1,Monday,December,1,0,1
20241217,2024-12-17,2024,4,12,17,2,Tuesday,December,1,0,1
20241218,2024-12-18,2024,4,12,18,3,Wednesday,December,1,0,1
20241219,2024-12-19,2024,4,12,19,4,Thursday,December,1,0,1
20241220,2024-12-20,2024,4,12,20,5,Friday,December,1,0,1
20241221,2024-12-21,2024,4,12,21,6,Saturday,December,1,0,1
20241222,2024-12-22,2024,4,12,22,7,Sunday,December,0,0,1
20241223,2024-12-23,2024,4,12,23,1,Monday,December,0,0,1
20241224,2024-12-24,2024,4,12,24,2,Tuesday,December,0,0,1
20241225,2024-12-25,2024,4,12,25,3,Wednesday,December,0,0,1
20241226,2024-12-26,2024,4,12,26,4,Thursday,December,0,0,1
20241227,2024-12-27,2024,4,12,27,5,Friday,December,0,0,1
20241228,2024-12-28,2024,4,12,28,6,Saturday,December,0,0,1
20241229,2024-12-29,2024,4,12,29,7,Sunday,December,0,0,1
20241230,2024-12-30,2024,4,12,30,1,Monday,December,0,0,1
20241231,2024-12-31,2024,4,12,31,2,Tuesday,December,0,0,1
20250101,2025-01-01,2025,1,1,1,3,Wednesday,January,0,0,1
20250102,2025-01-02,2025,1,1,2,4,Thursday,January,0,0,1
20250103,2025-01-03,2025,1,1,3,5,Friday,January,0,0,1
20250104,2025-01-04,2025,1,1,4,6,Saturday,January,0,0,1
20250105,2025-01-05,2025,1,1,5,7,Sunday,January,0,0,1
20250106,2025-01-06,2025,1,1,6,1,Monday,January,0,0,1
20250107,2025-01-07,2025,1,1,7,2,Tuesday,January,0,0,1
20250108,2025-01-08,2025,1,1,8,3,Wednesday,January,0,0,1
20250109,2025-01-09,2025,1,1,9,4,Thursday,January,0,0,1
20250110,2025-01-10,2025,1,1,10,5,Friday,January,0,0,1
20250111,2025-01-11,2025,1,1,11,6,Saturday,January,0,0,1
20250112,2025-01-12,2025,1,1,12,7,Sunday,January,0,0,1
20250113,2025-01-13,2025,1,1,13,1,Monday,January,0,0,1
20250114,2025-01-14,2025,1,1,14,2,Tuesday,January,0,0,1
20250115,2025-01-15,2025,1,1,15,3,Wednesday,January,0,0,1
20250116,2025-01-16,2025,1,1,16,4,Thursday,January,0,0,1
20250117,2025-01-17,2025,1,1,17,5,Friday,January,0,0,1
20250118,2025-01-18,2025,1,1,18,6,Saturday,January,0,0,1
20250119,2025-01-19,2025,1,1,19,7,Sunday,January,0,0,1
20250120,2025-01-20,2025,1,1,20,1,Monday,January,0,0,1
20250121,2025-01-21,2025,1,1,21,2,Tuesday,January,0,0,1
20250122,2025-01-22,2025,1,1,22,3,Wednesday,January,0,0,1
20250123,2025-01-23,2025,1,1,23,4,Thursday,January,0,0,1
20250124,2025-01-24,2025,1,1,24,5,Friday,January,0,0,1
20250125,2025-01-25,2025,1,1,25,6,Saturday,January,0,0,1
20250126,2025-01-26,2025,1,1,26,7,Sunday,January,0,0,1
20250127,2025-01-27,2025,1,1,27,1,Monday,January,0,0,1
20250128,2025-01-28,2025,1,1,28,2,Tuesday,January,0,0,1
20250129,2025-01-29,2025,1,1,29,3,Wednesday,January,0,0,1
20250130,2025-01-30,2025,1,1,30,4,Thursday,January,0,0,1
20250131,2025-01-31,2025,1,1,31,5,Friday,January,0,0,1
20250201,2025-02-01,2025,1,2,1,6,Saturday,February,0,0,1
20250202,2025-02-02,2025,1,2,2,7,Sunday,February,0,0,1
20250203,2025-02-03,2025,1,2,3,1,Monday,February,0,0,1
20250204,2025-02-04,2025,1,2,4,2,Tuesday,February,0,0,1
20250205,2025-02-05,2025,1,2,5,3,Wednesday,February,0,0,1
20250206,2025-02-06,2025,1,2,6,4,Thursday,February,0,0,1
20250207,2025-02-07,2025,1,2,7,5,Friday,February,0,0,1
20250208,2025-02-08,2025,1,2,8,6,Saturday,February,0,0,1
20250209,2025-02-09,2025,1,2,9,7,Sunday,February,0,0,1
20250210,2025-02-10,2025,1,2,10,1,Monday,February,0,0,1
20250211,2025-02-11,2025,1,2,11,2,Tuesday,February,0,0,1
20250212,2025-02-12,2025,1,2,12,3,Wednesday,February,0,0,1
20250213,2025-02-13,2025,1,2,13,4,Thursday,February,0,0,1
20250214,2025-02-14,2025,1,2,14,5,Friday,February,0,0,1
20250215,2025-02-15,2025,1,2,15,6,Saturday,February,0,0,1
20250216,2025-02-16,2025,1,2,16,7,Sunday,February,0,0,1
20250217,2025-02-17,2025,1,2,17,1,Monday,February,0,0,1
20250218,2025-02-18,2025,1,2,18,2,Tuesday,February,0,0,1
20250219,2025-02-19,2025,1,2,19,3,Wednesday,February,0,0,1
20250220,2025-02-20,2025,1,2,20,4,Thursday,February,0,0,1
20250221,2025-02-21,2025,1,2,21,5,Friday,February,0,0,1
20250222,2025-02-22,2025,1,2,22,6,Saturday,February,0,0,1
20250223,2025-02-23,2025,1,2,23,7,Sunday,February,0,0,1
20250224,2025-02-24,2025,1,2,24,1,Monday,February,0,0,1
20250225,2025-02-25,2025,1,2,25,2,Tuesday,February,0,0,1
20250226,2025-02-26,2025,1,2,26,3,Wednesday,February,0,0,1
20250227,2025-02-27,2025,1,2,27,4,Thursday,February,0,0,1
20250228,2025-02-28,2025,1,2,28,5,Friday,February,0,0,1
20250301,2025-03-01,2025,1,3,1,6,Saturday,March,0,0,1
20250302,2025-03-02,2025,1,3,2,7,Sunday,March,0,0,1
20250303,2025-03-03,2025,1,3,3,1,Monday,March,0,0,1
20250304,2025-03-04,2025,1,3,4,2,Tuesday,March,0,0,1
20250305,2025-03-05,2025,1,3,5,3,Wednesday,March,0,0,1
20250306,2025-03-06,2025,1,3,6,4,Thursday,March,0,0,1
20250307,2025-03-07,2025,1,3,7,5,Friday,March,0,0,1
20250308,2025-03-08,2025,1,3,8,6,Saturday,March,0,0,1
20250309,2025-03-09,2025,1,3,9,7,Sunday,March,0,0,1
20250310,2025-03-10,2025,1,3,10,1,Monday,March,0,0,1
20250311,2025-03-11,2025,1,3,11,2,Tuesday,March,0,0,1
20250312,2025-03-12,2025,1,3,12,3,Wednesday,March,0,0,1
20250313,2025-03-13,2025,1,3,13,4,Thursday,March,0,0,1
20250314,2025-03-14,2025,1,3,14,5,Friday,March,0,0,1
20250315,2025-03-15,2025,1,3,15,6,Saturday,March,1,0,1
20250316,2025-03-16,2025,1,3,16,7,Sunday,March,1,0,1
20250317,2025-03-17,2025,1,3,17,1,Monday,March,1,0,1
20250318,2025-03-18,2025,1,3,18,2,Tuesday,March,1,0,1
20250319,2025-03-19,2025,1,3,19,3,Wednesday,March,1,0,1
20250320,2025-03-20,2025,1,3,20,4,Thursday,March,1,0,1
20250321,2025-03-21,2025,1,3,21,5,Friday,March,1,0,1
20250322,2025-03-22,2025,1,3,22,6,Saturday,March,0,0,1
20250323,2025-03-23,2025,1,3,23,7,Sunday,March,0,0,1
20250324,2025-03-24,2025,1,3,24,1,Monday,March,0,0,1
20250325,2025-03-25,2025,1,3,25,2,Tuesday,March,0,0,1
20250326,2025-03-26,2025,1,3,26,3,Wednesday,March,0,0,1
20250327,2025-03-27,2025,1,3,27,4,Thursday,March,0,0,1
20250328,2025-03-28,2025,1,3,28,5,Friday,March,0,0,1
20250329,2025-03-29,2025,1,3,29,6,Saturday,March,0,0,1
20250330,2025-03-30,2025,1,3,30,7,Sunday,March,0,0,1
20250331,2025-03-31,2025,1,3,31,1,Monday,March,0,0,1
20250401,2025-04-01,2025,2,4,1,2,Tuesday,April,0,0,0
20250402,2025-04-02,2025,2,4,2,3,Wednesday,April,0,0,0
20250403,2025-04-03,2025,2,4,3,4,Thursday,April,0,0,0
20250404,2025-04-04,2025,2,4,4,5,Friday,April,0,0,0
20250405,2025-04-05,2025,2,4,5,6,Saturday,April,0,0,0
20250406,2025-04-06,2025,2,4,6,7,Sunday,April,0,0,0
20250407,2025-04-07,2025,2,4,7,1,Monday,April,0,0,0
20250408,2025-04-08,2025,2,4,8,2,Tuesday,April,0,0,0
20250409,2025-04-09,2025,2,4,9,3,Wednesday,April,0,0,0
20250410,2025-04-10,2025,2,4,10,4,Thursday,April,0,0,0
20250411,2025-04-11,2025,2,4,11,5,Friday,April,0,0,0
20250412,2025-04-12,2025,2,4,12,6,Saturday,April,0,0,0
20250413,2025-04-13,2025,2,4,13,7,Sunday,April,0,0,0
20250414,2025-04-14,2025,2,4,14,1,Monday,April,0,0,0
20250415,2025-04-15,2025,2,4,15,2,Tuesday,April,0,0,0
20250416,2025-04-16,2025,2,4,16,3,Wednesday,April,0,0,0
20250417,2025-04-17,2025,2,4,17,4,Thursday,April,0,0,0
20250418,2025-04-18,2025,2,4,18,5,Friday,April,0,0,0
20250419,2025-04-19,2025,2,4,19,6,Saturday,April,0,0,0
20250420,2025-04-20,2025,2,4,20,7,Sunday,April,0,0,0
20250421,2025-04-21,2025,2,4,21,1,Monday,April,0,0,0
20250422,2025-04-22,2025,2,4,22,2,Tuesday,April,0,0,0
20250423,2025-04-23,2025,2,4,23,3,Wednesday,April,0,0,0
20250424,2025-04-24,2025,2,4,24,4,Thursday,April,0,0,0
20250425,2025-04-25,2025,2,4,25,5,Friday,April,0,0,0
20250426,2025-04-26,2025,2,4,26,6,Saturday,April,0,0,0
20250427,2025-04-27,2025,2,4,27,7,Sunday,April,0,0,0
20250428,2025-04-28,2025,2,4,28,1,Monday,April,0,0,0
20250429,2025-04-29,2025,2,4,29,2,Tuesday,April,0,0,0
20250430,2025-04-30,2025,2,4,30,3,Wednesday,April,0,0,0
20250501,2025-05-01,2025,2,5,1,4,Thursday,May,0,1,0
20250502,2025-05-02,2025,2,5,2,5,Friday,May,0,1,0
20250503,2025-05-03,2025,2,5,3,6,Saturday,May,0,1,0
20250504,2025-05-04,2025,2,5,4,7,Sunday,May,0,1,0
20250505,2025-05-05,2025,2,5,5,1,Monday,May,0,1,0
20250506,2025-05-06,2025,2,5,6,2,Tuesday,May,0,1,0
20250507,2025-05-07,2025,2,5,7,3,Wednesday,May,0,1,0
20250508,2025-05-08,2025,2,5,8,4,Thursday,May,0,1,0
20250509,2025-05-09,2025,2,5,9,5,Friday,May,0,1,0
20250510,2025-05-10,2025,2,5,10,6,Saturday,May,0,1,0
20250511,2025-05-11,2025,2,5,11,7,Sunday,May,0,1,0
20250512,2025-05-12,2025,2,5,12,1,Monday,May,0,1,0
20250513,2025-05-13,2025,2,5,13,2,Tuesday,May,0,1,0
20250514,2025-05-14,2025,2,5,14,3,Wednesday,May,0,1,0
20250515,2025-05-15,2025,2,5,15,4,Thursday,May,0,1,0
20250516,2025-05-16,2025,2,5,16,5,Friday,May,0,1,0
20250517,2025-05-17,2025,2,5,17,6,Saturday,May,0,1,0
20250518,2025-05-18,2025,2,5,18,7,Sunday,May,0,1,0
20250519,2025-05-19,2025,2,5,19,1,Monday,May,0,1,0
20250520,2025-05-20,2025,2,5,20,2,Tuesday,May,0,1,0
20250521,2025-05-21,2025,2,5,21,3,Wednesday,May,0,1,0
20250522,2025-05-22,2025,2,5,22,4,Thursday,May,0,1,0
20250523,2025-05-23,2025,2,5,23,5,Friday,May,0,1,0
20250524,2025-05-24,2025,2,5,24,6,Saturday,May,0,1,0
20250525,2025-05-25,2025,2,5,25,7,Sunday,May,0,1,0
20250526,2025-05-26,2025,2,5,26,1,Monday,May,0,1,0
20250527,2025-05-27,2025,2,5,27,2,Tuesday,May,0,1,0
20250528,2025-05-28,2025,2,5,28,3,Wednesday,May,0,1,0
20250529,2025-05-29,2025,2,5,29,4,Thursday,May,0,1,0
20250530,2025-05-30,2025,2,5,30,5,Friday,May,0,1,0
20250531,2025-05-31,2025,2,5,31,6,Saturday,May,0,1,0
20250601,2025-06-01,2025,2,6,1,7,Sunday,June,0,1,0
20250602,2025-06-02,2025,2,6,2,1,Monday,June,0,1,0
20250603,2025-06-03,2025,2,6,3,2,Tuesday,June,0,1,0
20250604,2025-06-04,2025,2,6,4,3,Wednesday,June,0,1,0
20250605,2025-06-05,2025,2,6,5,4,Thursday,June,0,1,0
20250606,2025-06-06,2025,2,6,6,5,Friday,June,0,1,0
20250607,2025-06-07,2025,2,6,7,6,Saturday,June,0,1,0
20250608,2025-06-08,2025,2,6,8,7,Sunday,June,0,1,0
20250609,2025-06-09,2025,2,6,9,1,Monday,June,0,1,0
20250610,2025-06-10,2025,2,6,10,2,Tuesday,June,0,1,0
20250611,2025-06-11,2025,2,6,11,3,Wednesday,June,0,1,0
20250612,2025-06-12,2025,2,6,12,4,Thursday,June,0,1,0
20250613,2025-06-13,2025,2,6,13,5,Friday,June,0,1,0
20250614,2025-06-14,2025,2,6,14,6,Saturday,June,0,1,0
20250615,2025-06-15,2025,2,6,15,7,Sunday,June,1,1,0
20250616,2025-06-16,2025,2,6,16,1,Monday,June,1,1,0
20250617,2025-06-17,2025,2,6,17,2,Tuesday,June,1,1,0
20250618,2025-06-18,2025,2,6,18,3,Wednesday,June,1,1,0
20250619,2025-06-19,2025,2,6,19,4,Thursday,June,1,1,0
20250620,2025-06-20,2025,2,6,20,5,Friday,June,1,1,0
20250621,2025-06-21,2025,2,6,21,6,Saturday,June,1,1,0
20250622,2025-06-22,2025,2,6,22,7,Sunday,June,0,1,0
20250623,2025-06-23,2025,2,6,23,1,Monday,June,0,1,0
20250624,2025-06-24,2025,2,6,24,2,Tuesday,June,0,1,0
20250625,2025-06-25,2025,2,6,25,3,Wednesday,June,0,1,0
20250626,2025-06-26,2025,2,6,26,4,Thursday,June,0,1,0
20250627,2025-06-27,2025,2,6,27,5,Friday,June,0,1,0
20250628,2025-06-28,2025,2,6,28,6,Saturday,June,0,1,0
20250629,2025-06-29,2025,2,6,29,7,Sunday,June,0,1,0
20250630,2025-06-30,2025,2,6,30,1,Monday,June,0,1,0
20250701,2025-07-01,2025,3,7,1,2,Tuesday,July,0,1,0
20250702,2025-07-02,2025,3,7,2,3,Wednesday,July,0,1,0
20250703,2025-07-03,2025,3,7,3,4,Thursday,July,0,1,0
20250704,2025-07-04,2025,3,7,4,5,Friday,July,0,1,0
20250705,2025-07-05,2025,3,7,5,6,Saturday,July,0,1,0
20250706,2025-07-06,2025,3,7,6,7,Sunday,July,0,1,0
20250707,2025-07-07,2025,3,7,7,1,Monday,July,0,1,0
20250708,2025-07-08,2025,3,7,8,2,Tuesday,July,0,1,0
20250709,2025-07-09,2025,3,7,9,3,Wednesday,July,0,1,0
20250710,2025-07-10,2025,3,7,10,4,Thursday,July,0,1,0
20250711,2025-07-11,2025,3,7,11,5,Friday,July,0,1,0
20250712,2025-07-12,2025,3,7,12,6,Saturday,July,0,1,0
20250713,2025-07-13,2025,3,7,13,7,Sunday,July,0,1,0
20250714,2025-07-14,2025,3,7,14,1,Monday,July,0,1,0
20250715,2025-07-15,2025,3,7,15,2,Tuesday,July,0,1,0
20250716,2025-07-16,2025,3,7,16,3,Wednesday,July,0,1,0
20250717,2025-07-17,2025,3,7,17,4,Thursday,July,0,1,0
20250718,2025-07-18,2025,3,7,18,5,Friday,July,0,1,0
20250719,2025-07-19,2025,3,7,19,6,Saturday,July,0,1,0
20250720,2025-07-20,2025,3,7,20,7,Sunday,July,0,1,0
20250721,2025-07-21,2025,3,7,21,1,Monday,July,0,1,0
20250722,2025-07-22,2025,3,7,22,2,Tuesday,July,0,1,0
20250723,2025-07-23,2025,3,7,23,3,Wednesday,July,0,1,0
20250724,2025-07-24,2025,3,7,24,4,Thursday,July,0,1,0
20250725,2025-07-25,2025,3,7,25,5,Friday,July,0,1,0
20250726,2025-07-26,2025,3,7,26,6,Saturday,July,0,1,0
20250727,2025-07-27,2025,3,7,27,7,Sunday,July,0,1,0
20250728,2025-07-28,2025,3,7,28,1,Monday,July,0,1,0
20250729,2025-07-29,2025,3,7,29,2,Tuesday,July,0,1,0
20250730,2025-07-30,2025,3,7,30,3,Wednesday,July,0,1,0
20250731,2025-07-31,2025,3,7,31,4,Thursday,July,0,1,0
20250801,2025-08-01,2025,3,8,1,5,Friday,August,0,1,0
20250802,2025-08-02,2025,3,8,2,6,Saturday,August,0,1,0
20250803,2025-08-03,2025,3,8,3,7,Sunday,August,0,1,0
20250804,2025-08-04,2025,3,8,4,1,Monday,August,0,1,0
20250805,2025-08-05,2025,3,8,5,2,Tuesday,August,0,1,0
20250806,2025-08-06,2025,3,8,6,3,Wednesday,August,0,1,0
20250807,2025-08-07,2025,3,8,7,4,Thursday,August,0,1,0
20250808,2025-08-08,2025,3,8,8,5,Friday,August,0,1,0
20250809,2025-08-09,2025,3,8,9,6,Saturday,August,0,1,0
20250810,2025-08-10,2025,3,8,10,7,Sunday,August,0,1,0
20250811,2025-08-11,2025,3,8,11,1,Monday,August,0,1,0
20250812,2025-08-12,2025,3,8,12,2,Tuesday,August,0,1,0
20250813,2025-08-13,2025,3,8,13,3,Wednesday,August,0,1,0
20250814,2025-08-14,2025,3,8,14,4,Thursday,August,0,1,0
20250815,2025-08-15,2025,3,8,15,5,Friday,August,0,1,0
20250816,2025-08-16,2025,3,8,16,6,Saturday,August,0,1,0
20250817,2025-08-17,2025,3,8,17,7,Sunday,August,0,1,0
20250818,2025-08-18,2025,3,8,18,1,Monday,August,0,1,0
20250819,2025-08-19,2025,3,8,19,2,Tuesday,August,0,1,0
20250820,2025-08-20,2025,3,8,20,3,Wednesday,August,0,1,0
20250821,2025-08-21,2025,3,8,21,4,Thursday,August,0,1,0
20250822,2025-08-22,2025,3,8,22,5,Friday,August,0,1,0
20250823,2025-08-23,2025,3,8,23,6,Saturday,August,0,1,0
20250824,2025-08-24,2025,3,8,24,7,Sunday,August,0,1,0
20250825,2025-08-25,2025,3,8,25,1,Monday,August,0,1,0
20250826,2025-08-26,2025,3,8,26,2,Tuesday,August,0,1,0
20250827,2025-08-27,2025,3,8,27,3,Wednesday,August,0,1,0
20250828,2025-08-28,2025,3,8,28,4,Thursday,August,0,1,0
20250829,2025-08-29,2025,3,8,29,5,Friday,August,0,1,0
20250830,2025-08-30,2025,3,8,30,6,Saturday,August,0,1,0
20250831,2025-08-31,2025,3,8,31,7,Sunday,August,0,1,0
20250901,2025-09-01,2025,3,9,1,1,Monday,September,0,1,0
20250902,2025-09-02,2025,3,9,2,2,Tuesday,September,0,1,0
20250903,2025-09-03,2025,3,9,3,3,Wednesday,September,0,1,0
20250904,2025-09-04,2025,3,9,4,4,Thursday,September,0,1,0
20250905,2025-09-05,2025,3,9,5,5,Friday,September,0,1,0
20250906,2025-09-06,2025,3,9,6,6,Saturday,September,0,1,0
20250907,2025-09-07,2025,3,9,7,7,Sunday,September,0,1,0
20250908,2025-09-08,2025,3,9,8,1,Monday,September,0,1,0
20250909,2025-09-09,2025,3,9,9,2,Tuesday,September,0,1,0
20250910,2025-09-10,2025,3,9,10,3,Wednesday,September,0,1,0
20250911,2025-09-11,2025,3,9,11,4,Thursday,September,0,1,0
20250912,2025-09-12,2025,3,9,12,5,Friday,September,0,1,0
20250913,2025-09-13,2025,3,9,13,6,Saturday,September,0,1,0
20250914,2025-09-14,2025,3,9,14,7,Sunday,September,0,1,0
20250915,2025-09-15,2025,3,9,15,1,Monday,September,1,1,0
20250916,2025-09-16,2025,3,9,16,2,Tuesday,September,1,1,0
20250917,2025-09-17,2025,3,9,17,3,Wednesday,September,1,1,0
20250918,2025-09-18,2025,3,9,18,4,Thursday,September,1,1,0
20250919,2025-09-19,2025,3,9,19,5,Friday,September,1,1,0
20250920,2025-09-20,2025,3,9,20,6,Saturday,September,1,1,0
20250921,2025-09-21,2025,3,9,21,7,Sunday,September,1,1,0
20250922,2025-09-22,2025,3,9,22,1,Monday,September,0,1,0
20250923,2025-09-23,2025,3,9,23,2,Tuesday,September,0,1,0
20250924,2025-09-24,2025,3,9,24,3,Wednesday,September,0,1,0
20250925,2025-09-25,2025,3,9,25,4,Thursday,September,0,1,0
20250926,2025-09-26,2025,3,9,26,5,Friday,September,0,1,0
20250927,2025-09-27,2025,3,9,27,6,Saturday,September,0,1,0
20250928,2025-09-28,2025,3,9,28,7,Sunday,September,0,1,0
20250929,2025-09-29,2025,3,9,29,1,Monday,September,0,1,0
20250930,2025-09-30,2025,3,9,30,2,Tuesday,September,0,1,0
20251001,2025-10-01,2025,4,10,1,3,Wednesday,October,0,0,0
20251002,2025-10-02,2025,4,10,2,4,Thursday,October,0,0,0
20251003,2025-10-03,2025,4,10,3,5,Friday,October,0,0,0
20251004,2025-10-04,2025,4,10,4,6,Saturday,October,0,0,0
20251005,2025-10-05,2025,4,10,5,7,Sunday,October,0,0,0
20251006,2025-10-06,2025,4,10,6,1,Monday,October,0,0,0
20251007,2025-10-07,2025,4,10,7,2,Tuesday,October,0,0,0
20251008,2025-10-08,2025,4,10,8,3,Wednesday,October,0,0,0
20251009,2025-10-09,2025,4,10,9,4,Thursday,October,0,0,0
20251010,2025-10-10,2025,4,10,10,5,Friday,October,0,0,0
20251011,2025-10-11,2025,4,10,11,6,Saturday,October,0,0,0
20251012,2025-10-12,2025,4,10,12,7,Sunday,October,0,0,0
20251013,2025-10-13,2025,4,10,13,1,Monday,October,0,0,0
20251014,2025-10-14,2025,4,10,14,2,Tuesday,October,0,0,0
20251015,2025-10-15,2025,4,10,15,3,Wednesday,October,0,0,0
20251016,2025-10-16,2025,4,10,16,4,Thursday,October,0,0,0
20251017,2025-10-17,2025,4,10,17,5,Friday,October,0,0,0
20251018,2025-10-18,2025,4,10,18,6,Saturday,October,0,0,0
20251019,2025-10-19,2025,4,10,19,7,Sunday,October,0,0,0
20251020,2025-10-20,2025,4,10,20,1,Monday,October,0,0,0
20251021,2025-10-21,2025,4,10,21,2,Tuesday,October,0,0,0
20251022,2025-10-22,2025,4,10,22,3,Wednesday,October,0,0,0
20251023,2025-10-23,2025,4,10,23,4,Thursday,October,0,0,0
20251024,2025-10-24,2025,4,10,24,5,Friday,October,0,0,0
20251025,2025-10-25,2025,4,10,25,6,Saturday,October,0,0,0
20251026,2025-10-26,2025,4,10,26,7,Sunday,October,0,0,0
20251027,2025-10-27,2025,4,10,27,1,Monday,October,0,0,0
20251028,2025-10-28,2025,4,10,28,2,Tuesday,October,0,0,0
20251029,2025-10-29,2025,4,10,29,3,Wednesday,October,0,0,0
20251030,2025-10-30,2025,4,10,30,4,Thursday,October,0,0,0
20251031,2025-10-31,2025,4,10,31,5,Friday,October,0,0,0
20251101,2025-11-01,2025,4,11,1,6,Saturday,November,0,0,1
20251102,2025-11-02,2025,4,11,2,7,Sunday,November,0,0,1
20251103,2025-11-03,2025,4,11,3,1,Monday,November,0,0,1
20251104,2025-11-04,2025,4,11,4,2,Tuesday,November,0,0,1
20251105,2025-11-05,2025,4,11,5,3,Wednesday,November,0,0,1
20251106,2025-11-06,2025,4,11,6,4,Thursday,November,0,0,1
20251107,2025-11-07,2025,4,11,7,5,Friday,November,0,0,1
20251108,2025-11-08,2025,4,11,8,6,Saturday,November,0,0,1
20251109,2025-11-09,2025,4,11,9,7,Sunday,November,0,0,1
20251110,2025-11-10,2025,4,11,10,1,Monday,November,0,0,1
20251111,2025-11-11,2025,4,11,11,2,Tuesday,November,0,0,1
20251112,2025-11-12,2025,4,11,12,3,Wednesday,November,0,0,1
20251113,2025-11-13,2025,4,11,13,4,Thursday,November,0,0,1
20251114,2025-11-14,2025,4,11,14,5,Friday,November,0,0,1
20251115,2025-11-15,2025,4,11,15,6,Saturday,November,0,0,1
20251116,2025-11-16,2025,4,11,16,7,Sunday,November,0,0,1
20251117,2025-11-17,2025,4,11,17,1,Monday,November,0,0,1
20251118,2025-11-18,2025,4,11,18,2,Tuesday,November,0,0,1
20251119,2025-11-19,2025,4,11,19,3,Wednesday,November,0,0,1
20251120,2025-11-20,2025,4,11,20,4,Thursday,November,0,0,1
20251121,2025-11-21,2025,4,11,21,5,Friday,November,0,0,1
20251122,2025-11-22,2025,4,11,22,6,Saturday,November,0,0,1
20251123,2025-11-23,2025,4,11,23,7,Sunday,November,0,0,1
20251124,2025-11-24,2025,4,11,24,1,Monday,November,0,0,1
20251125,2025-11-25,2025,4,11,25,2,Tuesday,November,0,0,1
20251126,2025-11-26,2025,4,11,26,3,Wednesday,November,0,0,1
20251127,2025-11-27,2025,4,11,27,4,Thursday,November,0,0,1
20251128,2025-11-28,2025,4,11,28,5,Friday,November,0,0,1
20251129,2025-11-29,2025,4,11,29,6,Saturday,November,0,0,1
20251130,2025-11-30,2025,4,11,30,7,Sunday,November,0,0,1
20251201,2025-12-01,2025,4,12,1,1,Monday,December,0,0,1
20251202,2025-12-02,2025,4,12,2,2,Tuesday,December,0,0,1
20251203,2025-12-03,2025,4,12,3,3,Wednesday,December,0,0,1
20251204,2025-12-04,2025,4,12,4,4,Thursday,December,0,0,1
20251205,2025-12-05,2025,4,12,5,5,Friday,December,0,0,1
20251206,2025-12-06,2025,4,12,6,6,Saturday,December,0,0,1
20251207,2025-12-07,2025,4,12,7,7,Sunday,December,0,0,1
20251208,2025-12-08,2025,4,12,8,1,Monday,December,0,0,1
20251209,2025-12-09,2025,4,12,9,2,Tuesday,December,0,0,1
20251210,2025-12-10,2025,4,12,10,3,Wednesday,December,0,0,1
20251211,2025-12-11,2025,4,12,11,4,Thursday,December,0,0,1
20251212,2025-12-12,2025,4,12,12,5,Friday,December,0,0,1
20251213,2025-12-13,2025,4,12,13,6,Saturday,December,0,0,1
20251214,2025-12-14,2025,4,12,14,7,Sunday,December,0,0,1
20251215,2025-12-15,2025,4,12,15,1,Monday,December,1,0,1
20251216,2025-12-16,2025,4,12,16,2,Tuesday,December,1,0,1
20251217,2025-12-17,2025,4,12,17,3,Wednesday,December,1,0,1
20251218,2025-12-18,2025,4,12,18,4,Thursday,December,1,0,1
20251219,2025-12-19,2025,4,12,19,5,Friday,December,1,0,1
20251220,2025-12-20,2025,4,12,20,6,Saturday,December,1,0,1
20251221,2025-12-21,2025,4,12,21,7,Sunday,December,1,0,1
20251222,2025-12-22,2025,4,12,22,1,Monday,December,0,0,1
20251223,2025-12-23,2025,4,12,23,2,Tuesday,December,0,0,1
20251224,2025-12-24,2025,4,12,24,3,Wednesday,December,0,0,1
20251225,2025-12-25,2025,4,12,25,4,Thursday,December,0,0,1
20251226,2025-12-26,2025,4,12,26,5,Friday,December,0,0,1
20251227,2025-12-27,2025,4,12,27,6,Saturday,December,0,0,1
20251228,2025-12-28,2025,4,12,28,7,Sunday,December,0,0,1
20251229,2025-12-29,2025,4,12,29,1,Monday,December,0,0,1
20251230,2025-12-30,2025,4,12,30,2,Tuesday,December,0,0,1
20251231,2025-12-31,2025,4,12,31,3,Wednesday,December,0,0,1
